,Unnamed: 0,Unnamed: 0.1,Unnamed: 0.1.1,Unnamed: 0.1.1.1,Unnamed: 0.1.1.1.1,Unnamed: 0.1.1.1.1.1,Unnamed: 0.1.1.1.1.1.1,Unnamed: 0.1.1.1.1.1.1.1,Unnamed: 0.1.1.1.1.1.1.1.1,Unnamed: 0.1.1.1.1.1.1.1.1.1,name,container,cas,mw,solute_smiles,solvent_smiles,solvent_name,dm300,dm300_error,full_smiles,dm300_err,dm300_measured
37,2,182,10,33,87,13,63,94,94,94,2-ACETYLPYRROLE,Z113,1072-83-9,109.0,CC(=O)C1=CC=CN1,CO,Methanol,0.3949117932886449,0.0362,CC(=O)C1=CC=CN1.CO,0.2991701017307327,0.6183701017307327
331,19,319,22,212,112,93,373,0,0,0,"3,5-Diaminobenzoic Acid",Z1,535-87-5,152.15,O=C(O)C1=CC(N)=CC(N)=C1,CO,Methanol,0.7729215755822011,0.0316,O=C(O)C1=CC(N)=CC(N)=C1.CO,0.29710748913056906,0.942307489130569
16,11,179,33,56,50,25,99,283,283,284,,Z73,122-95-2,166.0,CCOC1=CC=C(C=C1)OCC,CO,Methanol,0.5495437243783288,0.0192,CCOC1=CC=C(C=C1)OCC.CO,0.29649455113879264,0.7157945511387926
142,10,97,30,86,51,40,176,226,226,227,"2,5-Dimethylphenol",CQ44,95-87-4,122.0,OC1=CC(C)=CC=C1C,CO,Methanol,0.6675219290288081,0.0368,OC1=CC(C)=CC=C1C.CO,0.28241702136896907,0.771517021368969
262,12,320,37,172,121,99,317,135,135,135,,Z29,91-76-9,187.0,NC1=NC(N)=NC(C2=CC=CC=C2)=N1,CO,Methanol,0.7079605596914041,0.0912,NC1=NC(N)=NC(C2=CC=CC=C2)=N1.CO,0.2785303767021954,0.9192303767021954
187,20,41,27,147,35,87,254,408,408,409,"4-amino-3,5-xylenol",CO1,3096-70-6,137.084064,CC1=CC(O)=CC(C)=C1N,CO,Methanol,0.7298349337996695,0.1194,CC1=CC(O)=CC(C)=C1N.CO,0.278364332486719,0.912764332486719
173,13,86,20,99,149,60,182,285,285,286,,Z165,24596-19-8,200.0,CC1=CC(=CC(=C1N)C)Br,CO,Methanol,0.6594000350375754,0.0172,CC1=CC(=CC(=C1N)C)Br.CO,0.27623192120490736,0.8522319212049073
9,17,155,36,21,64,61,91,72,72,72,,Z36,7226-23-5,128.0,O=C1N(C)CCCN1C,CO,Methanol,0.6297653045536761,0.0295,O=C1N(C)CCCN1C.CO,0.2655401139165007,0.7887401139165007
86,21,259,50,74,286,65,101,169,169,169,8-Aminoquinoline,D43,578-66-5,144.0,NC1=C2N=CC=CC2=CC=C1,CO,Methanol,0.5308492431974594,0.0662,NC1=C2N=CC=CC2=CC=C1.CO,0.25864773361104837,0.7117477336110484
205,40,249,73,78,170,77,185,321,321,322,,Z182,619-44-3,262.0,COC(=O)C1=CC=C(C=C1)I,CO,Methanol,0.5369042952166146,0.0198,COC(=O)C1=CC=C(C=C1)I.CO,0.25778367741280456,0.7237836774128046
263,15,101,25,160,52,79,304,345,345,346,,Z62,6161-50-8,214.0,COC1=CC(C2=CC=CC(OC)=C2)=CC=C1,CO,Methanol,0.7123962496976501,0.0178,COC1=CC(C2=CC=CC(OC)=C2)=CC=C1.CO,0.2568233523048664,0.8702233523048664
39,23,120,41,3,350,35,23,319,319,320,4-Iodoanisole,Z137,696-62-8,234.0,COC1=CC=C(C=C1)I,CO,Methanol,0.30292072065240716,0.0222,COC1=CC=C(C=C1)I.CO,0.2557031127561855,0.4360031127561855
41,6,57,18,0,58,12,15,200,200,200,,Z22,626-05-1,235.0,BrC1=CC=CC(Br)=N1,CO,Methanol,0.27971763038923264,0.0173,BrC1=CC=CC(Br)=N1.CO,0.255587054593405,0.418187054593405
149,18,91,34,23,19,21,59,237,237,238,"3,4-Dichloroaniline",CB90,95-76-1,160.9799045,NC1=CC=C(Cl)C(Cl)=C1,CO,Methanol,0.4382990869047723,0.1004,NC1=CC=C(Cl)C(Cl)=C1.CO,0.24519629202316878,0.5448962920231688
210,27,292,51,96,176,62,171,370,370,371,,Z160,5111-65-9,237.0,COC1=CC2=C(C=C1)C=C(C=C2)Br,CO,Methanol,0.6395182075207702,0.0089,COC1=CC2=C(C=C1)C=C(C=C2)Br.CO,0.24188169568379736,0.7673816956837973
117,14,100,23,39,59,36,120,25,25,25,"3-AMINOPHENOL, 98%",D7,591-27-5,109.0,Nc1cccc(O)c1,CO,Methanol,0.40099884088190574,0.0603,Nc1cccc(O)c1.CO,0.240097803072794,0.520997803072794
152,31,210,79,63,321,63,95,271,271,272,6-Chloroindole,RSY12,17422-33-2,151.59,C1=CC(=CC2=C1C=CN2)Cl,CO,Methanol,0.4636660140025554,0.0555,C1=CC(=CC2=C1C=CN2)Cl.CO,0.23338138975499922,0.6252813897549993
248,28,213,43,134,284,90,245,284,284,285,,Z165,24596-19-8,200.0,CC1=CC(=CC(=C1N)C)Br,CO,Methanol,0.6594000350375754,0.0424,CC1=CC(=CC(=C1N)C)Br.CO,0.22973192120490726,0.8522319212049073
299,41,160,87,117,55,100,275,272,272,273,"2,4,6-TRICHLOROPHENOL, 98%",CC5,88-06-2,195.0,Oc1c(Cl)cc(Cl)cc1Cl,CO,Methanol,0.6658788591638118,0.107,Oc1c(Cl)cc(Cl)cc1Cl.CO,0.22966097158848864,0.8047609715884886
4,42,189,94,14,362,119,71,69,69,69,2-Cyclohexenone,Z177,930-68-7,96.0,C1CC=CC(=O)C1,CO,Methanol,0.38654414120440334,0.0207,C1CC=CC(=O)C1.CO,0.2295262999509627,0.6362262999509627
52,35,203,58,9,265,49,38,318,318,319,4-Iodoanisole,Z137,696-62-8,234.0,COC1=CC=C(C=C1)I,CO,Methanol,0.30292072065240716,0.0757,COC1=CC=C(C=C1)I.CO,0.22930311275618548,0.4360031127561855
207,33,350,64,107,183,88,199,43,43,43,4-Hydroxyindole,RSY94,2380-94-1,133.15,C1=CC2=C(C=CN2)C(=C1)O,CO,Methanol,0.5861197136407046,0.0293,C1=CC2=C(C=CN2)C(=C1)O.CO,0.22825967058091357,0.7605596705809136
158,39,251,76,92,217,80,203,147,147,147,N-Phenylmaleimide,D41,941-69-5,173.0,O=C(N1C2=CC=CC=C2)C=CC1=O,CO,Methanol,0.5943731147397662,0.0526,O=C(N1C2=CC=CC=C2)C=CC1=O.CO,0.2248716091182078,0.8122716091182078
225,32,117,42,139,45,85,205,64,64,64,"1,5-Diaminonaphthalene",CK5,2243-62-1,158.0,C1=CC2=C(C=CC=C2N)C(=C1)N,CO,Methanol,0.6445741999460868,0.0107,C1=CC2=C(C=CC=C2N)C(=C1)N.CO,0.22429366912334447,0.8152936691233444
344,24,355,54,84,156,70,178,133,133,133,,Z174,327-92-4,204.0,C1=C(C(=CC(=C1[N+](=O)[O-])F)F)[N+](=O)[O-],CO,Methanol,0.5764695158777942,0.0157,C1=C(C(=CC(=C1[N+](=O)[O-])F)F)[N+](=O)[O-].CO,0.22059590310547839,0.7542959031054783
141,46,242,84,131,343,134,224,166,166,166,,Z183,1124-11-4,136.0,CC1=C(N=C(C(=N1)C)C)C,CO,Methanol,0.7064406282666535,0.0158,CC1=C(N=C(C(=N1)C)C)C.CO,0.21772703432189078,0.9152270343218908
229,49,187,68,217,102,136,273,358,358,359,Fluorene,CB78,86-73-7,166.22,c1ccc2c(c1)Cc1ccccc1-2,CO,Methanol,0.8043247974042005,0.0074,c1ccc2c(c1)Cc1ccccc1-2.CO,0.21667042245986512,0.9460704224598652
221,56,322,106,111,228,98,259,76,76,76,"thiophene-2,5-dicarbaldehyde",Z78,932-95-6,140.0,C1=C(SC(=C1)C=O)C=O,CO,Methanol,0.5434211343234926,0.014,C1=C(SC(=C1)C=O)C=O.CO,0.21423062799754566,0.7368306279975456
6,34,7,16,277,123,161,201,362,362,363,,Z72,624-38-4,329.0,IC1=CC=C(I)C=C1,CO,Methanol,0.4301631746134772,0.0198,IC1=CC=C(I)C=C1.CO,0.20345469756648826,0.3965453024335117
342,36,273,52,230,116,111,376,346,346,347,,Z62,6161-50-8,214.0,COC1=CC(C2=CC=CC(OC)=C2)=CC=C1,CO,Methanol,0.7123962496976501,0.1051,COC1=CC(C2=CC=CC(OC)=C2)=CC=C1.CO,0.2034233523048664,0.8702233523048664
309,16,229,49,83,90,56,195,175,175,175,"3,5-Difluorobenzonitrile",CA78,64248-63-1,139.0233555,N#CC1=CC(F)=CC(F)=C1,CO,Methanol,0.5526403779001298,0.0136,N#CC1=CC(F)=CC(F)=C1.CO,0.201769110205741,0.674869110205741
103,43,90,71,11,73,55,53,352,352,353,4-iodotoluene,Z134,624-31-7,218.0,CC1=CC=C(C=C1)I,CO,Methanol,0.34133624938259516,0.0232,CC1=CC=C(C=C1)I.CO,0.2015929685331152,0.4127929685331152
74,26,262,35,50,147,26,86,278,278,279,"a,a'-Dibromo-p-xylene",CB49,623-24-5,261.8992745,BrCC1=CC=C(C=C1)CBr,CO,Methanol,0.39354981793497723,0.0157,BrCC1=CC=C(C=C1)CBr.CO,0.2012840058579871,0.5974840058579871
66,44,217,112,10,184,53,32,298,298,299,"2,5-Dibromofuran",CB56,32460-00-7,223.8472389,BrC1=CC=C(Br)O1,CO,Methanol,0.24621517365191464,0.0567,BrC1=CC=C(Br)O1.CO,0.199571483449649,0.429671483449649
153,62,325,119,112,169,113,190,108,108,108,Phthalimide,D34,85-41-6,147.0,O=C(N1)C2=CC=CC=C2C1=O,CO,Methanol,0.6640176336433573,0.0312,O=C(N1)C2=CC=CC=C2C1=O.CO,0.19516336225774789,0.8363633622577479
279,51,226,62,162,78,102,252,405,405,406,"1,5-Diaminonaphthalene",CK5,771-97-1,158.0843983,NC1=CC=CC2=C(N)C=CC=C12,CO,Methanol,0.6445741852287113,0.0599,NC1=CC=CC2=C(N)C=CC=C12.CO,0.19139364681505022,0.8152936468150502
213,61,127,121,109,368,101,257,148,148,148,N-Phenylmaleimide,D41,941-69-5,173.0,O=C(N1C2=CC=CC=C2)C=CC1=O,CO,Methanol,0.5943731147397662,0.0069,O=C(N1C2=CC=CC=C2)C=CC1=O.CO,0.18847160911820782,0.8122716091182078
77,48,307,81,47,111,67,98,173,173,173,4-methoxybenzaldehyde,Z90,123-11-5,136.0,COC1=CC=C(C=C1)C=O,CO,Methanol,0.4002573500748291,0.0159,COC1=CC=C(C=C1)C=O.CO,0.1881739273930746,0.5246739273930746
24,75,55,40,378,107,173,157,20,20,20,"2,6-Diaminopyridine",Z7,141-86-6,109.0,NC1=CC=CC(N)=N1,CO,Methanol,0.5994306672068744,0.0436,NC1=CC=CC(N)=N1.CO,0.18781888287516357,0.5233811171248365
297,22,190,38,87,161,54,296,315,315,316,Diphenylamine,CQ1,122-39-4,169.0891494,C1(NC2=CC=CC=C2)=CC=CC=C1,CO,Methanol,0.47118044096573275,0.0619,C1(NC2=CC=CC=C2)=CC=CC=C1.CO,0.1875747734409871,0.5933747734409871
168,38,200,57,82,294,58,198,217,217,218,2-Bromoacetophenone,CJ57,2142-69-0,197.9680269,O=C(C1=CC=CC=C1)CBr,CO,Methanol,0.46889436161110554,0.0131,O=C(C1=CC=CC=C1)CBr.CO,0.18672242761212637,0.6589224276121264
203,74,363,107,187,155,149,242,104,104,104,"2,3,5,6-Tetrafluoro-1,4-benzenedimethanol",Z85,92339-07-6,210.0,C(C1=C(C(=C(C(=C1F)F)CO)F)F)O,CO,Methanol,0.8492609328893671,0.0392,C(C1=C(C(=C(C(=C1F)F)CO)F)F)O.CO,0.18620000000000003,1.0
241,37,364,56,91,211,66,272,150,150,150,N-Methylformanilide,CK44,93-61-8,135.16,CN(C=O)C1=CC=CC=C1,CO,Methanol,0.4985532138732749,0.0203,CN(C=O)C1=CC=CC=C1.CO,0.18537340241080363,0.6647734024108036
112,25,276,47,79,213,48,226,338,338,339,Dibenzyl ether,CA6,103-50-4,198.0,C(OCc1ccccc1)c2ccccc2,CO,Methanol,0.46340142502773063,0.1663,C(OCc1ccccc1)c2ccccc2.CO,0.18430662083686933,0.6449066208368693
209,47,216,63,31,127,43,81,255,255,256,,Z178,69113-59-3,229.0,C1=CC(=CC(=C1)I)C#N,CO,Methanol,0.3620478351653997,0.0165,C1=CC(=CC(=C1)I)C#N.CO,0.1834164131199127,0.4597164131199127
56,30,163,39,7,75,30,36,164,164,164,2-chloroaniline,Z169,95-51-2,127.6,C1=CC=C(C(=C1)N)Cl,CO,Methanol,0.26402287409582254,0.0166,C1=CC=C(C(=C1)N)Cl.CO,0.1794106191050206,0.3779106191050206
240,50,180,59,45,30,52,130,142,142,142,"3-NITROPHENOL, REAGENTPLUS, 99%",Z127,554-84-7,139.0,OC1=CC=CC([N+]([O-])=O)=C1,CO,Methanol,0.4170342749809252,0.0507,OC1=CC=CC([N+]([O-])=O)=C1.CO,0.17845749419032003,0.5063574941903201
296,92,218,116,267,173,168,374,269,269,270,"2,3,5-TRIMETHYLPNEOL",Z151,697-82-5,136.0,CC1=CC(=C(C(=C1)O)C)C,CO,Methanol,0.8150741991418149,0.0152,CC1=CC(=C(C(=C1)O)C)C.CO,0.17810965266141243,0.9296096526614124
329,121,343,133,308,197,194,379,244,244,245,Dimethyl aminoterephthalate,Z32,5372-81-6,209.0,O=C(OC)C1=CC=C(C(OC)=O)C=C1N,CO,Methanol,0.8171747365448558,0.0048,O=C(OC)C1=CC=C(C(OC)=O)C=C1N.CO,0.17582639247579535,0.9769263924757954
325,105,339,128,352,341,179,283,126,126,126,2-Phenylbutyric acid,CK18,90-27-7,164.2,CCC(C(=O)O)c1ccccc1,CO,Methanol,0.9351413291861498,0.0842,CCC(C(=O)O)c1ccccc1.CO,0.17569999999999997,1.0
219,45,316,88,113,131,75,235,356,356,357,,Z170,95-63-6,120.0,CC1=CC(=C(C=C1)C)C,CO,Methanol,0.6593910942320238,0.0412,CC1=CC(=C(C=C1)C)C.CO,0.17435535271385172,0.7402553527138517
294,54,306,91,221,105,125,397,21,21,21,,Z168,445-29-4,140.0,C1=CC=C(C(=C1)C(=O)O)F,CO,Methanol,0.7209108464966725,0.1069,C1=CC=C(C(=C1)C(=O)O)F.CO,0.1720934021073306,0.8245934021073306
338,124,331,138,315,210,200,369,243,243,244,Dimethyl aminoterephthalate,Z32,5372-81-6,209.0,O=C(OC)C1=CC=C(C(OC)=O)C=C1N,CO,Methanol,0.8171747365448558,0.0252,O=C(OC)C1=CC=C(C(OC)=O)C=C1N.CO,0.17152639247579538,0.9769263924757954
322,68,209,124,210,375,123,336,286,286,287,2-Acetonaphthone,CL12,93-08-3,170.0731649,CC(C1=CC=C2C=CC=CC2=C1)=O,CO,Methanol,0.6786149851612053,0.0837,CC(C1=CC=C2C=CC=CC2=C1)=O.CO,0.17124465267952504,0.8282446526795251
304,110,255,176,270,69,195,276,387,387,388,,Z49,14348-75-5,336.0,O=C1C2=C(C3=C1C=C(Br)C=C3)C=CC(Br)=C2,CO,Methanol,0.8532280382201306,0.0242,O=C1C2=C(C3=C1C=C(Br)C=C3)C=CC(Br)=C2.CO,0.17121363083745778,0.9767136308374578
175,87,332,123,124,150,137,197,90,90,90,7-Fluoroisatin,CB139,317-20-4,165.0226066,O=C1NC2=C(C=CC=C2F)C1=O,CO,Methanol,0.7118534066649477,0.0901,O=C1NC2=C(C=CC=C2F)C1=O.CO,0.17101375453485068,0.8625137545348507
196,98,128,96,259,47,152,380,17,17,17,4-AMINO-3-NITROBENZOIC ACID,Z148,1588-83-6,182.0,C1=CC(=C(C=C1C(=O)O)[N+](=O)[O-])N,CO,Methanol,0.7759299653244234,0.0302,C1=CC(=C(C=C1C(=O)O)[N+](=O)[O-])N.CO,0.17077789641237173,0.8714778964123717
284,86,111,150,100,193,103,268,302,302,303,Methyl 4-bromobenzoate,CJ70,619-42-1,215.05,BrC1=CC=C(C(OC)=O)C=C1,CO,Methanol,0.5320892850959917,0.0146,BrC1=CC=C(C(OC)=O)C=C1.CO,0.16869668004072713,0.6993966800407271
2,52,1,28,126,6,132,44,404,404,405,"1,3,5-Trimethoxybenzene",CK30,621-23-8,168.0786442,COC1=CC(OC)=CC(OC)=C1,CO,Methanol,0.8046644597109076,0.0,COC1=CC(OC)=CC(OC)=C1.CO,0.1686255382541224,0.8313744617458776
91,57,178,72,2,38,42,25,230,230,231,"1-CHLORO-4-NITROBENZENE, 99%",D20,100-00-5,157.0,[O-][N+](=O)c1ccc(Cl)cc1,CO,Methanol,0.2687679325312,0.0213,[O-][N+](=O)c1ccc(Cl)cc1.CO,0.1675561893456032,0.3506561893456032
326,82,353,114,174,171,129,360,111,111,111,"3,5-Dimethoxyaniline",Z3,10272-07-8,153.0,NC1=CC(OC)=CC(OC)=C1,CO,Methanol,0.6924976241365052,0.0586,NC1=CC(OC)=CC(OC)=C1.CO,0.164849320161374,0.796849320161374
90,72,321,67,156,237,138,173,141,141,141,Tetracycline hydrochloride,AP7,64-75-5,480.1299434,OC1=CC=CC2=C1C(C3=C(O)[C@@](C(C(C(N)=O)=C(O)[C@H]4N(C)C)=O)(O)[C@@]4([H])C[C@]3([H])[C@@]2(O)C)=O,CO,Methanol,0.8619574728262959,0.0777,OC1=CC=CC2=C1C(C3=C(O)[C@@](C(C(C(N)=O)=C(O)[C@H]4N(C)C)=O)(O)[C@@]4([H])C[C@]3([H])[C@@]2(O)C)=O.CO,0.16400000000000003,1.0
69,73,118,181,37,289,121,82,144,144,144,5-Bromo-2-methoxypyrimidine,CB16,14001-66-2,189.01,COc1ncc(Br)cn1,CO,Methanol,0.3229209862476918,0.1353,COc1ncc(Br)cn1.CO,0.1625351335244417,0.5074351335244417
177,71,188,117,25,135,82,90,353,353,354,4-iodotoluene,Z134,624-31-7,218.0,CC1=CC=C(C=C1)I,CO,Methanol,0.34133624938259516,0.071,CC1=CC=C(C=C1)I.CO,0.1616929685331152,0.4127929685331152
188,55,231,48,66,172,73,162,36,36,36,"2-AMINOPHENOL, 98%",D26,95-55-6,109.0,OC1=CC=CC=C1N,CO,Methanol,0.3956218772166318,0.0558,OC1=CC=CC=C1N.CO,0.16123053415199423,0.5114305341519942
327,69,183,66,176,61,105,355,47,47,47,2-AMINOBENZAMIDE,S168,88-68-6,136.15,NC(=O)c1ccccc1N,CO,Methanol,0.653892815241381,0.0219,NC(=O)c1ccccc1N.CO,0.16035660535028606,0.7752566053502861
180,59,223,77,36,25,39,80,235,235,236,2-nitrotoluene,Z131,88-72-2,137.0,CC1=CC=CC=C1[N+](=O)[O-],CO,Methanol,0.39299403097061614,0.0468,CC1=CC=CC=C1[N+](=O)[O-].CO,0.15940452263527266,0.4999045226352727
167,97,284,159,324,145,189,313,307,307,308,"4,4'-Difluorobenzophenone",CO28,345-92-6,218.0,O=C(C1=CC=C(F)C=C1)C2=CC=C(F)C=C2,CO,Methanol,0.8125226404111515,0.018,O=C(C1=CC=C(F)C=C1)C2=CC=C(F)C=C2.CO,0.1586442038621615,0.8933442038621615
172,78,241,65,161,106,144,251,296,296,297,"4,4'-(hexafluoroisopropylidene) dianiline",CA18,1095-78-9,334.0904677,FC(F)(F)C(C1=CC=C(C=C1)N)(C2=CC=C(C=C2)N)C(F)(F)F,CO,Methanol,0.9143684455348313,0.0088,FC(F)(F)C(C1=CC=C(C=C1)N)(C2=CC=C(C=C2)N)C(F)(F)F.CO,0.15859999999999996,1.0
124,64,254,70,19,66,46,60,205,205,206,"4-NITROANISOLE, 97%",D21,100-17-4,153.0,COc1ccc(cc1)[N+]([O-])=O,CO,Methanol,0.29537924315325653,0.0972,COc1ccc(cc1)[N+]([O-])=O.CO,0.15858708701711105,0.441587087017111
227,102,71,168,157,235,177,322,185,185,185,1-Indanol,CB65,6351-10-6,134.0731649,OC1CCC2=C1C=CC=C2,CO,Methanol,0.8094334044465489,0.0818,OC1CCC2=C1C=CC=C2.CO,0.15663364722744344,0.9029336472274434
198,89,201,98,13,162,64,66,274,274,275,1-iodo-4-nitrobenzene,Z136,636-98-6,249.0,O=[N+](C1=CC=C(I)C=C1)[O-],CO,Methanol,0.31769702441700887,0.0542,O=[N+](C1=CC=C(I)C=C1)[O-].CO,0.15600479508200452,0.3926047950820045
115,120,298,136,344,158,187,285,125,125,125,,Z24,14753-51-6,268.0,OC1=CC(Br)=C(O)C=C1Br,CO,Methanol,0.817361397016972,0.0382,OC1=CC(Br)=C(O)C=C1Br.CO,0.15573419235909236,0.9113341923590924
81,83,102,199,40,252,127,92,145,145,145,5-Bromo-2-methoxypyrimidine,CB16,14001-66-2,189.01,COc1ncc(Br)cn1,CO,Methanol,0.3229209862476918,0.1125,COc1ncc(Br)cn1.CO,0.15373513352444168,0.5074351335244417
105,85,214,148,105,312,126,164,246,246,247,Menadione,AP28,58-27-5,172.0,O=C(C(C)=C1)C(C=CC=C2)=C2C1=O,CO,Methanol,0.6719285687756993,0.0107,O=C(C(C)=C1)C(C=CC=C2)=C2C1=O.CO,0.15325741203049925,0.8223574120304993
182,119,329,165,342,175,224,219,22,22,22,"3,5-DIHYDROXYBENZYL ALCOHOL, 99%",D12,29654-55-5,140.0,OCc1cc(O)cc(O)c1,CO,Methanol,0.828152522513827,0.0122,OCc1cc(O)cc(O)c1.CO,0.1529095350052484,0.9367095350052485
274,76,313,92,57,32,72,151,131,131,131,"2-NITROPHENOL, 98%",D18,88-75-5,139.0,Oc1ccccc1[N+]([O-])=O,CO,Methanol,0.4067756167671202,0.0238,Oc1ccccc1[N+]([O-])=O.CO,0.15288344820492772,0.5296834482049277
242,140,114,231,215,185,226,225,102,102,102,Caffeine,AP19,58-08-2,194.0,CN1C=NC2=C1C(=O)N(C(=O)N2C)C,CO,Methanol,0.8106776555144437,0.0111,CN1C=NC2=C1C(=O)N(C(=O)N2C)C.CO,0.1525488120199474,0.9849488120199474
160,67,258,86,17,48,44,64,239,239,240,,Z162,99-99-0,137.0,CC1=CC=C(C=C1)[N+](=O)[O-],CO,Methanol,0.30318018798059504,0.0275,CC1=CC=C(C=C1)[N+](=O)[O-].CO,0.14950493744333543,0.4192049374433354
243,90,56,169,339,174,212,310,136,136,136,,Z29,91-76-9,187.0,NC1=NC(N)=NC(C2=CC=CC=C2)=N1,CO,Methanol,0.7079605596914041,0.0115,NC1=NC(N)=NC(C2=CC=CC=C2)=N1.CO,0.14913037670219542,0.9192303767021954
232,63,138,134,120,308,117,282,186,186,186,"1,5-Difluoro-2,4-dinitrobenzene",CA61,327-92-4,203.998263,O=[N+](C1=C(F)C=C(F)C([N+]([O-])=O)=C1)[O-],CO,Methanol,0.5764695305951695,0.073,O=[N+](C1=C(F)C=C(F)C([N+]([O-])=O)=C1)[O-].CO,0.1477959031054783,0.7542959031054783
223,53,295,101,101,100,109,293,14,14,14,Histamine,CB45,51-45-6,111.0,C1=C(NC=N1)CCN,CO,Methanol,0.5744231972857029,0.0322,C1=C(NC=N1)CCN.CO,0.14728406323319854,0.7064840632331986
83,91,169,153,72,369,147,230,71,71,71,,Z36,7226-23-5,128.0,O=C1N(C)CCCN1C,CO,Methanol,0.6297653045536761,0.0865,O=C1N(C)CCCN1C.CO,0.14454011391650068,0.7887401139165007
113,150,167,155,272,80,247,188,174,174,174,4-Benzoylbenzoic acid,Z106,611-95-0,226.0,C1=CC=C(C=C1)C(=O)C2=CC=C(C=C2)C(=O)O,CO,Methanol,0.9217314454225847,0.039,C1=CC=C(C=C1)C(=O)C2=CC=C(C=C2)C(=O)O.CO,0.14275771725775754,0.9913577172577576
310,103,324,109,90,151,94,223,140,140,140,"2-METHOXY-5-NITROANILINE, 98%",CA2,99-59-2,168.0,COc1ccc(cc1N)[N+]([O-])=O,CO,Methanol,0.5345318248684274,0.0442,COc1ccc(cc1N)[N+]([O-])=O.CO,0.14033211506179522,0.6569321150617952
40,58,46,93,6,23,86,46,99,99,99,2-Methylpyridine,CD8,109-06-8,93.05784922,CC1=NC=CC=C1,CO,Methanol,0.2477058966055249,0.0739,CC1=NC=CC=C1.CO,0.138132890300452,0.317032890300452
337,127,285,186,275,177,183,389,155,155,155,,Z19,33524-31-1,168.0,COC1=CC=C(OC)C(CO)=C1,CO,Methanol,0.7817117819107101,0.037,COC1=CC=C(OC)C(CO)=C1.CO,0.1369862901997636,0.8838862901997636
67,77,174,129,48,322,84,103,210,210,211,"1,4-Dimethoxybenzene",CK2,150-78-7,138.0680796,COC1=CC=C(OC)C=C1,CO,Methanol,0.32348686933157283,0.0192,COC1=CC=C(OC)C=C1.CO,0.13597609924384219,0.4902760992438422
237,66,196,108,94,248,91,253,331,331,332,ANETHOL,Z156,4180-23-8,148.0,CC=CC1=CC=C(C=C1)OC,CO,Methanol,0.45557949322308094,0.0259,CC=CC1=CC=C(C=C1)OC.CO,0.1352016992879544,0.6083016992879544
212,167,302,244,321,223,281,309,15,15,15,"1H-Pyrrolo[2,3-b]pyridine-3-carboxylic acid",Z111,156270-06-3,162.0,C1=CC2=C(NC=C2C(=O)O)N=C1,CO,Methanol,0.8943262354196752,0.0347,C1=CC2=C(NC=C2C(=O)O)N=C1.CO,0.13440227561499318,0.9824022756149932
192,128,221,190,203,353,192,340,261,261,262,"2,5-dibromo-3,4-dinitrothiophene",CA29,52431-30-8,329.79,O=[N+](C1=C(Br)SC(Br)=C1[N+]([O-])=O)[O-],CO,Methanol,0.728682355423429,0.0048,O=[N+](C1=C(Br)SC(Br)=C1[N+]([O-])=O)[O-].CO,0.1343141419045938,0.8741141419045938
197,129,340,127,336,296,175,175,8,8,8,Metformin Hydrochloride,"AP58, RB33",1115-70-4,165.0781231,CN(C)C(=N)N=C(N)N,CO,Methanol,0.8302080321068516,0.0796,CN(C)C(=N)N=C(N)N.CO,0.12960033638811397,0.976900336388114
270,81,94,125,144,325,106,329,220,220,221,Propiophenone,D37,93-55-0,135.0,CCC(C1=CC=CC=C1)=O,CO,Methanol,0.5439720056844722,0.0191,CCC(C1=CC=CC=C1)=O.CO,0.12746267265005018,0.7063626726500501
114,79,247,130,29,234,71,79,301,301,302,4-Bromoanisole,CC23,104-92-7,185.9680269,COC1=CC=C(Br)C=C1,CO,Methanol,0.2826860367018545,0.0299,COC1=CC=C(Br)C=C1.CO,0.12739849707150147,0.4029984970715015
145,60,326,110,26,238,95,94,60,60,60,4-Fluoroaniline,CJ64,371-40-4,111.0484274,NC1=CC=C(F)C=C1,CO,Methanol,0.2909072803356813,0.0473,NC1=CC=C(F)C=C1.CO,0.1252678860819491,0.3701678860819491
159,151,291,208,320,218,264,267,191,191,191,,Z9,92-44-4,160.0,OC1=C(O)C=C2C=CC=CC2=C1,CO,Methanol,0.8238228252054933,0.0338,OC1=C(O)C=C2C=CC=CC2=C1.CO,0.12421255139088205,0.915612551390882
138,123,222,146,303,67,143,250,101,101,101,Acetaminophen,D31,103-84-4,151.0,O=C(C)NC1=CC=C(O)C=C1,CO,Methanol,0.7833042092869773,0.0418,O=C(C)NC1=CC=C(O)C=C1.CO,0.12343045194654467,0.8159304519465447
194,93,272,135,312,298,155,321,364,364,365,3-Bromo-9H-carbazole,RSY15,1592-95-6,246.1,C1=CC=C(C=C1)NC2=CC=CC3=CC=CC=C32,CO,Methanol,0.6794483123907376,0.0271,C1=CC=C(C=C1)NC2=CC=CC3=CC=CC=C32.CO,0.12155936804323908,0.8212593680432391
305,99,83,167,103,148,140,297,29,29,29,Nicotinamide,AP27,98-92-0,122.0,C1=CC(=CN=C1)C(=O)N,CO,Methanol,0.5063036045161367,0.0246,C1=CC(=CN=C1)C(=O)N.CO,0.12002078845350095,0.6222207884535009
301,104,323,139,52,317,81,146,254,254,255,,Z178,69113-59-3,229.0,C1=CC(=CC(=C1)I)C#N,CO,Methanol,0.3620478351653997,0.0627,C1=CC(=CC(=C1)I)C#N.CO,0.11951641311991268,0.4597164131199127
321,101,359,120,70,93,92,200,143,143,143,"3-NITROPHENOL, REAGENTPLUS, 99%",Z127,554-84-7,139.0,OC1=CC=CC([N+]([O-])=O)=C1,CO,Methanol,0.4170342749809252,0.0293,OC1=CC=CC([N+]([O-])=O)=C1.CO,0.11935749419032005,0.5063574941903201
45,109,85,45,295,255,209,218,3,3,3,Cytosine,AP17,71-30-7,111.0,C1=C(NC(=O)N=C1)N,CO,Methanol,0.5940043414645306,0.0357,C1=C(NC(=O)N=C1)N.CO,0.11863915811637682,0.5456608418836232
245,116,344,174,41,251,107,131,341,341,342,4-Iodotoluene,CB87,624-31-7,218.03,Cc1ccc(I)cc1,CO,Methanol,0.34133624938259516,0.0163,Cc1ccc(I)cc1.CO,0.11709293878872279,0.4127929387887228
162,149,151,238,227,254,215,365,260,260,261,"2,5-dibromo-3,4-dinitrothiophene",CA29,52431-30-8,329.7945517,O=[N+](C1=C(Br)SC(Br)=C1[N+]([O-])=O)[O-],CO,Methanol,0.728682355423429,0.0318,O=[N+](C1=C(Br)SC(Br)=C1[N+]([O-])=O)[O-].CO,0.11591414190459381,0.8741141419045938
10,100,8,74,140,24,172,75,51,51,51,"2,5-Dimethyl-1,4-phenylenediamine",CA122,07/01/6393,136.1000484,NC1=CC(C)=C(N)C=C1C,CO,Methanol,0.819173201590855,0.0,NC1=CC(C)=C(N)C=C1C.CO,0.11549814960096372,0.8845018503990363
98,144,37,55,293,137,261,271,152,152,152,"2,6-Lutidine",CC50,108-48-5,107.0,CC1=NC(C)=CC=C1,CO,Methanol,0.5958698718172878,0.0174,CC1=NC(C)=CC=C1.CO,0.11349847669072699,0.583401523309273
3,131,6,60,214,53,214,87,30,30,30,4-Fluorobenzoic acid,CC4,456-22-4,140.0,O=C(O)C1=CC=C(F)C=C1,CO,Methanol,0.7132846383078734,0.0269,O=C(O)C1=CC=C(F)C=C1.CO,0.11267049314002375,0.7408295068599763
311,107,337,132,127,89,96,286,196,196,196,2-amino-4-methyl-benzonitrile,Z96,26830-96-6,132.0,CC1=CC(=C(C=C1)C#N)N,CO,Methanol,0.5812473351907976,0.0619,CC1=CC(=C(C=C1)C#N)N.CO,0.11254438748523155,0.6855443874852315
336,160,70,272,239,327,182,394,203,203,204,"2,5-Dimethoxybenzaldehyde",Z50,93-02-7,166.0,COC1=CC(=C(C=C1)OC)C=O,CO,Methanol,0.6686067798831596,0.0089,COC1=CC(=C(C=C1)OC)C=O.CO,0.11007567113229988,0.8033756711322999
123,191,15,115,171,86,267,359,329,329,330,"3-BROMOTOLUENE, 98%",D23,591-17-3,170.0,Cc1cccc(Br)c1,CO,Methanol,0.3896584555766766,0.0206,Cc1cccc(Br)c1.CO,0.10994013620077353,0.4450598637992265
346,111,360,193,62,189,83,155,363,363,364,,Z166,120-82-1,181.0,C1=CC(=C(C=C1Cl)Cl)Cl,CO,Methanol,0.4337193928993165,0.0228,C1=CC(=C(C=C1Cl)Cl)Cl.CO,0.10898075170794047,0.5036807517079405
250,164,66,203,309,310,201,327,112,112,112,"5-(trifluoromethyl)benzene-1,3-diamine",Z179,368-53-6,176.0,C1=C(C=C(C=C1N)N)C(F)(F)F,CO,Methanol,0.771676091934117,0.0119,C1=C(C=C(C=C1N)N)C(F)(F)F.CO,0.10852178126545475,0.9308217812654548
50,112,81,69,153,267,263,332,361,361,362,,Z72,624-38-4,329.0,IC1=CC=C(I)C=C1,CO,Methanol,0.4301631746134772,0.0306,IC1=CC=C(I)C=C1.CO,0.10785469756648824,0.3965453024335117
101,202,328,250,247,285,342,177,332,332,333,2-Hydroxy-4-methoxybenzophenone,CC 19,131-57-7,228.0,COC1=CC(=C(C=C1)C(=O)C2=CC=CC=C2)O,CO,Methanol,0.8989012934518821,0.0242,COC1=CC(=C(C=C1)C(=O)C2=CC=CC=C2)O.CO,0.10745791966362961,0.9950579196636296
251,173,301,197,225,207,191,390,120,120,120,5-Nitro-2-oxindole,CA95,20870-79-5,178.0378421,O=C1NC2=CC=C([N+]([O-])=O)C=C2C1,CO,Methanol,0.744396939930797,0.0653,O=C1NC2=CC=C([N+]([O-])=O)C=C2C1.CO,0.10716886701175443,0.8619688670117545
286,84,220,178,89,182,104,233,176,176,176,"2,5- Difluoronitrobenzene",CB125,364-74-9,159.0131848,FC1=CC=C(F)C([N+]([O-])=O)=C1,CO,Methanol,0.4861182237731523,0.0231,FC1=CC=C(F)C([N+]([O-])=O)=C1.CO,0.107110150258516,0.610010150258516
178,186,294,225,361,166,242,214,149,149,149,Acetamiprid,AP44,135410-20-7,222.067224,CC(=NC#N)N(C)CC1=CN=C(C=C1)Cl,CO,Methanol,0.8679904487823609,0.0116,CC(=NC#N)N(C)CC1=CN=C(C=C1)Cl.CO,0.10670475920787237,0.9663047592078724
339,130,318,160,204,132,130,378,88,88,88,(R)-(+)-1-(4-Methoxyphenyl)ethylamine 5G,CA162,22038-86-4,151.0,N[C@@H](C1=CC=C(OC)C=C1)C,CO,Methanol,0.6862441598209821,0.0234,N[C@@H](C1=CC=C(OC)C=C1)C.CO,0.10662019004905887,0.7952201900490589
280,227,352,269,341,144,297,316,202,202,202,"1-(3,4,5-trimethoxyphenyl)ethanone",Z79,1136-86-3,210.0,CC(=O)C1=CC(=C(C(=C1)OC)OC)OC,CO,Methanol,0.9438289370114467,0.0323,CC(=O)C1=CC(=C(C(=C1)OC)OC)OC.CO,0.10623583834353412,0.9979358383435342
277,196,327,252,359,208,238,312,40,40,40,2-(Trifluoromethyl)benzoic acid,Z180,433-97-6,190.0,C1=CC=C(C(=C1)C(=O)O)C(F)(F)F,CO,Methanol,0.8963567475505938,0.0115,C1=CC=C(C(=C1)C(=O)O)C(F)(F)F.CO,0.10429744537718366,0.9805974453771836
333,125,268,189,115,180,120,228,294,294,295,"1-NITRONAPHTHALENE, 99%",Z132,86-57-7,173.0,C1=CC=C2C(=C1)C=CC=C2[N+](=O)[O-],CO,Methanol,0.5339188609006624,0.0296,C1=CC=C2C(=C1)C=CC=C2[N+](=O)[O-].CO,0.10283818999848138,0.6488381899984814
244,172,88,293,178,231,217,288,52,52,52,N-Hydroxyphthalimide,CP32,524-38-9,163.026943,O=C(N1O)C2=CC=CC=C2C1=O,CO,Methanol,0.7268894948711851,0.0014,O=C(N1O)C2=CC=CC=C2C1=O.CO,0.10199945785261522,0.8686994578526153
298,133,336,143,58,126,97,172,98,98,98,4-nitrophenol,Z130,100-02-7,139.0,OC1=CC=C([N+]([O-])=O)C=C1,CO,Methanol,0.3638772932310673,0.1011,OC1=CC=C([N+]([O-])=O)C=C1.CO,0.10125602553334251,0.4586560255333425
214,95,280,90,34,65,37,69,107,107,107,,Z15,623-26-7,256.0,N#CC1=CC=C(C#N)C=C1,CO,Methanol,0.34979444276025773,0.0169,N#CC1=CC=C(C#N)C=C1.CO,0.10097261107549538,0.4108726110754954
246,147,136,173,292,365,186,383,190,190,190,"4-amino-3,5-dimethylbenzonitrile",Z173,74896-24-5,146.0,CC1=CC(=CC(=C1N)C)C#N,CO,Methanol,0.707973643438129,0.0147,CC1=CC(=CC(=C1N)C)C#N.CO,0.10017070798376349,0.8752707079837635
174,106,314,170,24,282,116,97,159,159,159,4-chloroaniline,Z142,106-47-8,127.0,NC1=CC=C(Cl)C=C1,CO,Methanol,0.2638603648367272,0.0578,NC1=CC=C(Cl)C=C1.CO,0.09948098060396757,0.3390809806039676
119,138,204,177,223,305,154,371,411,411,412,"4,5-dichlorophthalonitrile ",CP8,139152-08-2,195.9595034,N#CC1=CC(Cl)=C(Cl)C=C1C#N,CO,Methanol,0.7037701531428106,0.0663,N#CC1=CC(Cl)=C(Cl)C=C1C#N.CO,0.09814695488992442,0.8105469548899245
31,117,43,78,207,115,291,280,366,366,367,,Z30,626-00-6,330.0,IC1=CC(I)=CC=C1,CO,Methanol,0.46293052788463934,0.0784,IC1=CC(I)=CC=C1.CO,0.09809883863619867,0.4608011613638013
273,94,184,195,93,202,110,246,177,177,177,"2,5- Difluoronitrobenzene",CB125,364-74-9,159.0131848,FC1=CC=C(F)C([N+]([O-])=O)=C1,CO,Methanol,0.4861182237731523,0.0407,FC1=CC=C(F)C([N+]([O-])=O)=C1.CO,0.09781015025851603,0.610010150258516
109,175,109,278,325,272,259,239,96,96,96,,Z70,581-43-1,160.0,OC1=CC2=CC=C(O)C=C2C=C1,CO,Methanol,0.7802022575100346,0.0248,OC1=CC2=CC=C(O)C=C2C=C1.CO,0.09744456460394724,0.8755445646039473
78,96,131,147,12,165,133,77,4,4,4,"4-AMINOPYRIDINE, 98%",D6,504-24-5,94.0,Nc1ccncc1,CO,Methanol,0.2708446719382297,0.0154,Nc1ccncc1.CO,0.09717488149049341,0.2836748814904934
199,174,185,338,278,152,218,320,16,16,16,2-amino-4-methyl-1H-pyrimidin-6-one,Z101,3977-29-5,125.0,CC1=CC(=O)NC(=N1)N,CO,Methanol,0.758701312656686,0.0093,CC1=CC(=O)NC(=N1)N.CO,0.09540611286837464,0.7951061128683746
291,115,308,113,85,307,118,263,37,37,37,"2-AMINOPHENOL, 98%",D26,95-55-6,109.0,OC1=CC=CC=C1N,CO,Methanol,0.3956218772166318,0.0284,OC1=CC=CC=C1N.CO,0.09503053415199425,0.5114305341519942
335,179,149,256,245,276,228,399,187,187,187,(R)-(?)-1-Indanol,CA170,697-64-3,134.0731649,O[C@@H]1CCC2=C1C=CC=C2,CO,Methanol,0.8292475909060454,0.0254,O[C@@H]1CCC2=C1C=CC=C2.CO,0.09418158164621437,0.9123815816462144
155,159,270,191,365,113,208,262,28,28,28,Anthranilic acid ,CR1,118-92-3,137.0476785,NC1=CC=CC=C1C(O)=O,CO,Methanol,0.7752287228597041,0.0388,NC1=CC=CC=C1C(O)=O.CO,0.09357088761638477,0.8432708876163848
332,256,47,157,169,99,318,363,39,39,39,"2,5-Furandicarbaldehyde",RB2,823-82-5,124.0,C1=C(OC(=C1)C=O)C=O,CO,Methanol,0.5950677307062144,0.015,C1=C(OC(=C1)C=O)C=O.CO,0.09240772108804773,0.6937077210880477
328,203,349,304,250,281,310,370,414,414,415,"1,3-dioxoisoindolin-2-yl cyclopropanecarboxylate",,,231.0531578,O=C(N(OC(C1CC1)=O)C2=O)C3=C2C=CC=C3,CO,Methanol,0.9406695580357184,0.0039,O=C(N(OC(C1CC1)=O)C2=O)C3=C2C=CC=C3.CO,0.09199999999999997,1.0
125,201,283,259,273,280,298,206,347,347,348,,Z68,2571-39-3,210.0,O=C(C1=CC=C(C)C(C)=C1)C2=CC=CC=C2,CO,Methanol,0.8751191922059753,0.0351,O=C(C1=CC=C(C)C(C)=C1)C2=CC=CC=C2.CO,0.09167464689272198,0.966874646892722
55,169,2,137,208,68,320,314,129,129,129,"3-NITROPHENOL, REAGENTPLUS, 99%",D22,554-84-7,139.0,Oc1cccc(c1)[N+]([O-])=O,CO,Methanol,0.4170342749809252,0.0294,Oc1cccc(c1)[N+]([O-])=O.CO,0.09114250580967997,0.5063574941903201
231,108,351,122,42,98,74,115,61,61,61,4-aminobenzonitrile,Z140,873-74-5,118.0,N#CC1=CC=C(N)C=C1,CO,Methanol,0.3423835083808477,0.0579,N#CC1=CC=C(N)C=C1.CO,0.09096507731480241,0.4049650773148024
316,178,357,248,185,246,223,352,179,179,179,1-BUTYL-2-PYRROLIDONE (tamisolve),CO25,3470-98-2,141.21,CCCCN1CCCC1=O,CO,Methanol,0.8560613390266398,0.0048,CCCCN1CCCC1=O.CO,0.0903440669142126,0.9273440669142126
216,217,238,281,347,303,252,269,137,137,137,,Z176,454-92-2,190.0,C1=CC(=CC(=C1)C(F)(F)F)C(=O)O,CO,Methanol,0.8796948683679489,0.0064,C1=CC(=CC(=C1)C(F)(F)F)C(=O)O.CO,0.09021142583383834,0.9669114258338384
61,148,20,80,300,72,233,231,80,80,80,5-aminoquinoline,CB77,611-34-7,144.17,Nc1cccc2ncccc12,CO,Methanol,0.6280534236000272,0.0087,Nc1cccc2ncccc12.CO,0.0896441802040776,0.7191558197959224
122,209,93,322,366,349,275,290,27,27,27,"5-Amino-1,3-dihydro-2Hbenzimidazol- 2-one",RSY7,95-23-8,149.15,C1=CC2=C(C=C1N)NC(=O)N2,CO,Methanol,0.7420682537744056,0.016,C1=CC2=C(C=C1N)NC(=O)N2.CO,0.08903110910287315,0.8646311091028731
235,114,356,126,44,101,76,119,65,65,65,4-Aminobenzonitrile,CA119,873-74-5,118.0530982,N#CC1=CC=C(N)C=C1,CO,Methanol,0.3423835083808477,0.0233,N#CC1=CC=C(N)C=C1.CO,0.08886507731480242,0.4049650773148024
233,193,9,131,235,122,279,348,277,277,278,2-Methylanisole,CJ7,578-58-5,122.0,COC1=CC=CC=C1C,CO,Methanol,0.5146288999939956,0.0103,COC1=CC=CC=C1C.CO,0.08867247239154286,0.5685275276084572
260,80,260,156,61,290,115,179,81,81,81,3-Fluoroaniline,CB145,372-19-0,111.0484274,NC1=CC=CC(F)=C1,CO,Methanol,0.32123413954958735,0.0322,NC1=CC=CC(F)=C1.CO,0.08824185091773423,0.4285418509177342
224,187,366,257,363,187,240,289,383,383,384,4-tert-Butylstyrene,RB56,1746-23-2,160.26,C=Cc1ccc(C(C)(C)C)cc1,CO,Methanol,0.8879630898640318,0.0048,C=Cc1ccc(C(C)(C)C)cc1.CO,0.08794542363776858,0.9577454236377686
340,198,89,334,240,258,245,351,92,92,92,5-Fluoroisatin,CC67,443-69-6,165.0226066,O=C1NC2=C(C=C(F)C=C2)C1=O,CO,Methanol,0.7410807519194306,0.0254,O=C1NC2=C(C=C(F)C=C2)C1=O.CO,0.08567546381496327,0.8655754638149633
116,153,261,249,296,119,303,243,228,228,229,2-Phenylbenzimidazole,CB124,716-79-0,194.23,c1ccc(-c2nc3ccccc3[nH]2)cc1,CO,Methanol,0.7898089359939064,0.0849,c1ccc(-c2nc3ccccc3[nH]2)cc1.CO,0.08497269968265664,0.9049726996826566
290,65,286,75,76,28,45,167,292,292,293,,Z188,935-14-8,126.0,C#CC1=CC=C(C=C1)C#C,CO,Methanol,0.4126442585095411,0.0172,C#CC1=CC=C(C=C1)C#C.CO,0.08464606135355301,0.506946061353553
319,156,347,158,262,354,213,319,42,42,42,BIOTIN,CD1,58-85-5,244.0,OC(=O)CCCCC1SCC2NC(=O)NC12,CO,Methanol,0.9314031305535696,0.0357,OC(=O)CCCCC1SCC2NC(=O)NC12.CO,0.0837,1.0
8,141,108,97,209,264,250,84,1,1,1,4-Aminobenzoic acid,D2,150-13-0,137.0,Nc1ccc(cc1)C(O)=O,CO,Methanol,0.7736806646909046,0.0125,Nc1ccc(cc1)C(O)=O.CO,0.08358041335035316,0.7686195866496468
84,195,79,315,297,220,286,215,95,95,95,,Z70,581-43-1,160.0,OC1=CC2=CC=C(O)C=C2C=C1,CO,Methanol,0.7802022575100346,0.0338,OC1=CC2=CC=C(O)C=C2C=C1.CO,0.08154456460394721,0.8755445646039473
315,171,157,260,114,300,176,334,56,56,56,4-hydroxybenzaldehyde,CK34,123-08-0,122.0367794,O=CC1=CC=C(O)C=C1,CO,Methanol,0.49576556636523633,0.0667,O=CC1=CC=C(O)C=C1.CO,0.08047717934655779,0.5537771793465578
289,246,225,279,371,283,352,213,280,280,281,Diisopropyl succinate,Z20,924-88-9,202.0,CC(C)OC(=O)CCC(=O)OC(C)C,CO,Methanol,0.9187609050905308,0.007,CC(C)OC(=O)CCC(=O)OC(C)C.CO,0.07979999999999998,1.0
226,163,194,162,268,326,216,295,248,248,249,Prednisolone,CA160,50-24-8,360.44,C[C@]12C[C@H](O)[C@H]3[C@@H](CCC4=CC(=O)C=C[C@@]43C)[C@@H]1CC[C@]2(O)C(=O)CO,CO,Methanol,0.9054086545690065,0.033,C[C@]12C[C@H](O)[C@H]3[C@@H](CCC4=CC(=O)C=C[C@@]43C)[C@@H]1CC[C@]2(O)C(=O)CO.CO,0.0796,1.0
308,255,335,325,317,247,325,387,163,163,163,"5,6-dimethoxy-2,3-dihydroinden-1-one",Z75,2107-69-9,192.0,COC1=C(C=C2C(=C1)CCC2=O)OC,CO,Methanol,0.9340709639085294,0.0203,COC1=C(C=C2C(=C1)CCC2=O)OC.CO,0.07864051137519379,0.9800405113751938
206,231,26,224,95,160,166,284,106,106,106,,Z15,623-26-7,256.0,N#CC1=CC=C(C#N)C=C1,CO,Methanol,0.34979444276025773,0.0786,N#CC1=CC=C(C#N)C=C1.CO,0.07832738892450464,0.4108726110754954
147,176,198,194,333,136,190,330,389,389,390,,Z57,1074-24-4,263.0,CC1=CC(Br)=C(C)C=C1Br,CO,Methanol,0.8407032279779812,0.0362,CC1=CC(Br)=C(C)C=C1Br.CO,0.07831009533670574,0.8647100953367057
19,218,78,100,284,232,205,134,154,154,154,"4,4'-Bipyridine",CA172,553-26-4,156.0687483,C1(C2=CC=NC=C2)=CC=NC=C1,CO,Methanol,0.6970643447755517,0.005,C1(C2=CC=NC=C2)=CC=NC=C1.CO,0.07754734763795668,0.7001526523620433
51,192,23,141,353,63,355,165,24,24,24,Benzoic acid,CL18,65-85-0,122.12,O=C(O)c1ccccc1,CO,Methanol,0.6114403766689381,0.0018,O=C(O)c1ccccc1.CO,0.07634295014311665,0.6422570498568834
189,249,162,336,328,370,289,234,172,172,172,Thiacloprid,AP45,111988-49-9,252.023645,C1CSC(=NC#N)N1CC2=CN=C(C=C2)Cl,CO,Methanol,0.8816661724976593,0.0087,C1CSC(=NC#N)N1CC2=CN=C(C=C2)Cl.CO,0.07612374905220742,0.9637237490522074
318,213,68,333,257,222,257,368,93,93,93,5-Fluoroisatin,CC67,443-69-6,165.02,O=C1NC2=C(C=C(F)C=C2)C1=O,CO,Methanol,0.7410807519194306,0.0063,O=C1NC2=C(C=C(F)C=C2)C1=O.CO,0.07497546381496334,0.8655754638149633
75,88,269,95,5,168,89,65,275,275,276,"BROMOBENZENE, REAGENTPLUS, 99%",D15,108-86-1,156.0,Brc1ccccc1,CO,Methanol,0.15697430752071428,0.0509,Brc1ccccc1.CO,0.07484163602603969,0.2114416360260397
106,183,345,175,263,262,269,209,113,113,113,"5,5'-Dithiobis(2-nitrobenzoic acid)",RB45,69-78-3,395.9722072,O=C(O)C1=CC(SSC2=CC=C([N+]([O-])=O)C(C(O)=O)=C2)=CC=C1[N+]([O-])=O,CO,Methanol,0.934741134314449,0.024,O=C(O)C1=CC(SSC2=CC=C([N+]([O-])=O)C(C(O)=O)=C2)=CC=C1[N+]([O-])=O.CO,0.07440000000000002,1.0
35,134,34,99,181,49,207,125,376,376,377,"1-Bromo-4-methoxy-2,5-dimethylbenzene",CA57,58106-25-5,213.9993271,CC1=C(OC)C=C(C)C(Br)=C1,CO,Methanol,0.8860516854521729,0.0052,CC1=C(OC)C=C(C)C(Br)=C1.CO,0.07435593383318473,0.9019440661668152
234,166,275,255,110,199,139,278,181,181,181,"1,2-Dimethoxybenzene",Z18,91-16-7,138.0,COC1=CC=CC=C1OC,CO,Methanol,0.5542877231626779,0.0534,COC1=CC=CC=C1OC.CO,0.07403558304448943,0.6194355830444894
254,207,338,307,313,275,236,308,242,242,243,"1,3,5-Trimethoxybenzene",CK30,621-23-8,168.0786442,COC1=CC(OC)=CC(OC)=C1,CO,Methanol,0.8046644597109076,0.0357,COC1=CC(OC)=CC(OC)=C1.CO,0.0721744617458776,0.8313744617458776
330,139,74,258,179,179,148,306,351,351,352,1-Methylnaphthalene,CC25,90-12-0,142.0,CC1=CC=CC2=CC=CC=C12,CO,Methanol,0.5598249884807383,0.0073,CC1=CC=CC2=CC=CC=C12.CO,0.07059106742690979,0.6849910674269097
256,158,333,254,193,129,162,388,215,215,216,6-Amino-3-bromo-2-methylpyridine,CB144,42753-71-9,185.9792603,CC1=NC(N)=CC=C1Br,CO,Methanol,0.6715760839556805,0.0209,CC1=NC(N)=CC=C1Br.CO,0.07021097149229605,0.714310971492296
154,122,282,230,184,299,142,393,379,379,380,,Z172,1611-92-3,249.0,CC1=CC(=CC(=C1)Br)Br,CO,Methanol,0.6032824986948682,0.0124,CC1=CC(=CC(=C1)Br)Br.CO,0.0689139983575997,0.6709139983575997
302,180,224,180,340,360,237,216,397,397,398,Oleylamine,Z164,112-90-3,267.0,CCCCCCCCC=CCCCCCCCCN,CO,Methanol,0.9192096084315285,0.0041,CCCCCCCCC=CCCCCCCCCN.CO,0.0675,1.0
148,126,274,240,189,311,145,391,378,378,379,,Z172,1611-92-3,249.0,CC1=CC(=CC(=C1)Br)Br,CO,Methanol,0.6032824986948682,0.0375,CC1=CC(=CC(=C1)Br)Br.CO,0.0659139983575997,0.6709139983575997
276,226,13,164,125,29,285,364,78,78,78,p-Anisidine,CQ24,104-94-9,123.0684139,NC1=CC=C(OC)C=C1,CO,Methanol,0.34216260057619086,0.0404,NC1=CC=C(OC)C=C1.CO,0.06453838643948645,0.4488616135605135
193,311,48,320,280,130,329,222,245,245,246,,Z58,5372-81-6,209.0,O=C(OC)C1=CC=C(C(OC)=O)C=C1N,CO,Methanol,0.8171747365448558,0.0068,O=C(OC)C1=CC=C(C(OC)=O)C=C1N.CO,0.06272639247579537,0.9769263924757954
320,184,257,183,285,366,246,335,128,128,128,"1-ADAMANTYLAMINE, 98%",CA4,768-94-5,151.0,NC12CC3CC(CC(C3)C1)C2,CO,Methanol,0.941932308844483,0.0118,NC12CC3CC(CC(C3)C1)C2.CO,0.062000000000000055,1.0
255,182,39,314,165,109,156,372,252,252,253,"4'-BROMOACETOPHENONE, 98%",D19,99-90-1,198.0,CC(=O)c1ccc(Br)cc1,CO,Methanol,0.5266886117389588,0.03,CC(=O)c1ccc(Br)cc1.CO,0.0610510777589196,0.6570510777589196
29,137,11,85,154,56,178,76,55,55,55,4-Hydroxy-3-methoxybenzyl alcohol,CO31,498-00-0,154.0629942,COC1=CC(CO)=CC=C1O,CO,Methanol,0.8506030250688782,0.005,COC1=CC(CO)=CC=C1O.CO,0.06017443741501882,0.9061255625849812
185,225,18,163,130,34,278,396,222,222,223,4-bromophenol,Z135,106-41-2,173.0,C1=CC(=CC=C1O)Br,CO,Methanol,0.3695801878918063,0.0136,C1=CC(=CC=C1O)Br.CO,0.05984906607987017,0.4210509339201298
275,190,256,215,290,259,251,311,157,157,157,trans-4-Cyclohexyl-L-proline hydrochloride,D44,90657-55-9,233.0,O=C(O)[C@H]1NC[C@H](C2CCCCC2)C1,CO,Methanol,0.9568831753986273,0.0947,O=C(O)[C@H]1NC[C@H](C2CCCCC2)C1.CO,0.058499999999999996,1.0
261,241,144,326,286,357,229,344,84,84,84,"3,4-Dimethoxyaniline",CC63,6315-89-5,153.0789786,NC1=CC=C(OC)C(OC)=C1,CO,Methanol,0.7257135554210153,0.021,NC1=CC=C(OC)C(OC)=C1.CO,0.058420043878650185,0.7864200438786502
49,162,133,105,289,316,220,105,79,79,79,"4-PYRROLIDINOPYRIDINE, 98%",D10,2456-81-7,149.0,C1CCN(C1)c2cc[nH+]cc2,CO,Methanol,0.8873777651272559,0.0049,C1CCN(C1)c2cc[nH+]cc2.CO,0.05586751159196146,0.8824324884080386
293,152,77,223,116,157,167,356,26,26,26,"3-AMINOPHENOL, 98%",D7,591-27-5,109.0,Nc1cccc(O)c1,CO,Methanol,0.40099884088190574,0.0221,Nc1cccc(O)c1.CO,0.05519780307279398,0.520997803072794
267,229,354,328,302,304,354,382,83,83,83,"PYROMELLITIC DIIMIDE, 97%",D24,2550-73-4,216.0,O=C1NC(=O)c2cc3C(=O)NC(=O)c3cc12,CO,Methanol,0.947684609734418,0.0037,O=C1NC(=O)c2cc3C(=O)NC(=O)c3cc12.CO,0.05469999999999997,1.0
164,188,186,216,316,292,199,300,48,48,48,2-AMINOBENZAMIDE,CK 16,88-68-6,136.0,C1=CC=C(C(=C1)C(=O)N)N,CO,Methanol,0.6538928299587564,0.0198,C1=CC=C(C(=C1)C(=O)N)N.CO,0.051456597914187996,0.775256597914188
282,214,267,210,294,22,302,270,207,207,208,1-Boc-3-pyrrolidinol,CB175,103057-44-9,187.24,CC(C)(C)OC(=O)N1CCC(C1)O,CO,Methanol,0.9560590170939652,0.0027,CC(C)(C)OC(=O)N1CCC(C1)O.CO,0.050799999999999956,1.0
281,206,264,207,346,203,260,303,398,398,399,"1,3,5-tri(propan-2-yl)benzene",Z81,717-74-8,204.0,CC(C)C1=CC(=CC(=C1)C(C)C)C(C)C,CO,Methanol,0.9696444202764736,0.0242,CC(C)C1=CC(=CC(=C1)C(C)C)C(C)C.CO,0.05049999999999999,1.0
257,165,132,280,43,142,164,150,160,160,160,4-chloroaniline,Z142,106-47-8,127.0,NC1=CC=C(Cl)C=C1,CO,Methanol,0.2638603648367272,0.0351,NC1=CC=C(Cl)C=C1.CO,0.04988098060396756,0.3390809806039676
201,251,305,343,88,141,181,326,365,365,366,,Z30,626-00-6,330.0,IC1=CC(I)=CC=C1,CO,Methanol,0.46293052788463934,0.0118,IC1=CC(I)=CC=C1.CO,0.04970116136380126,0.4608011613638013
57,177,119,144,150,227,327,343,367,367,368,"1,3-Diiodobenzene",Z35,626-00-6,329.0,IC1=CC(I)=CC=C1,CO,Methanol,0.46293052788463934,0.0075,IC1=CC(I)=CC=C1.CO,0.049498838636198694,0.4608011613638013
312,142,84,267,65,114,114,187,199,199,199,,Z22,626-05-1,235.0,BrC1=CC=CC(Br)=N1,CO,Methanol,0.27971763038923264,0.0619,BrC1=CC=CC(Br)=N1.CO,0.04948705459340497,0.418187054593405
258,274,317,291,288,348,357,291,233,233,234,,Z184,6837-24-7,167.0,C1CCC(CC1)N2CCCC2=O,CO,Methanol,0.9249322538100456,0.0031,C1CCC(CC1)N2CCCC2=O.CO,0.04909705226644645,0.9887970522664464
68,210,348,221,188,206,312,126,223,223,224,Methyl red sodium salt,CA189,845-10-3,291.098371,O=C(C1=C(C=CC=C1)/N=N/C2=CC=C(C=C2)N(C)C)O,CO,Methanol,0.9755316500640165,0.0336,O=C(C1=C(C=CC=C1)/N=N/C2=CC=C(C=C2)N(C)C)O.CO,0.04810000000000003,1.0
70,223,341,266,182,190,344,124,327,327,328,Fenbendazole,RB24,43210-67-9,299.0728477,COC(NC1=NC2=C(C=C(SC3=CC=CC=C3)C=C2)N1)=O,CO,Methanol,0.9439456752330682,0.0092,COC(NC1=NC2=C(C=C(SC3=CC=CC=C3)C=C2)N1)=O.CO,0.04800000000000004,1.0
48,264,31,242,329,274,292,194,287,287,288,"2-BROMO-N,N-DIMETHYLANILINE",D38,698-00-0,200.0,CN(C)C1=CC=CC=C1Br,CO,Methanol,0.7575331872130142,0.0425,CN(C)C1=CC=CC=C1Br.CO,0.04669602881000512,0.7744039711899949
306,136,309,204,166,186,128,395,50,50,50,a-Methylbenzylamine,CA77,618-36-0,121.0891494,NC(C)C1=CC=CC=C1,CO,Methanol,0.5946763809771252,0.0384,NC(C)C1=CC=CC=C1.CO,0.04623137291917556,0.6600313729191756
288,212,365,226,305,188,268,338,270,270,271,Losartan potassium salt,AP53,124750-99-8,460.1180687,OCC1=C(Cl)N=C(CCCC)N1CC2=CC=C(C=C2)C3=C(C=CC=C3)C4=NN=NN4,CO,Methanol,1.0084290460641558,0.0012,OCC1=C(Cl)N=C(CCCC)N1CC2=CC=C(C=C2)C3=C(C=CC=C3)C4=NN=NN4.CO,0.04579999999999995,1.0
121,268,19,236,213,27,262,152,209,209,210,Dimethyl 5-hydroxyisophthalate,Z44,13036-02-7,210.0,O=C(OC)C1=CC(O)=CC(C(OC)=O)=C1,CO,Methanol,0.8540969667807398,0.0106,O=C(OC)C1=CC(O)=CC(C(OC)=O)=C1.CO,0.045655818811012105,0.996755818811012
190,208,25,312,314,76,227,301,231,231,232,"2,5-Dimethylphenol",CQ25,95-87-4,122.0731649,OC1=CC(C)=CC=C1C,CO,Methanol,0.6675219290288081,0.0087,OC1=CC(C)=CC=C1C.CO,0.044617021368969056,0.771517021368969
156,303,278,288,334,363,348,331,184,184,184,Tetrafluoroterephthalonitrile,CC44,1835-49-0,199.9997609,N#CC1=C(F)C(F)=C(C#N)C(F)=C1F,CO,Methanol,0.9465088533316046,0.0105,N#CC1=C(F)C(F)=C(C#N)C(F)=C1F.CO,0.04424866462851684,0.9943486646285168
94,220,346,268,367,212,230,292,384,384,385,"4,5-Dibromo-o-xylene",CB53,24932-48-7,261.8992745,CC1=CC(Br)=C(Br)C=C1C,CO,Methanol,0.8267956393720455,0.0624,CC1=CC(Br)=C(Br)C=C1C.CO,0.044059048127215505,0.8614590481272155
146,314,96,253,206,153,276,255,299,299,300,"9-ANTHRACENEMETHANOL, 97%",D9,1468-95-7,208.0,OCc1c2ccccc2cc3ccccc13,CO,Methanol,0.8976702585870906,0.0011,OCc1c2ccccc2cc3ccccc13.CO,0.043731368255251146,0.9920313682552512
179,146,139,233,46,194,153,149,127,127,127,BENZALDEHYDE,CM5,100-52-7,106.12,O=Cc1ccccc1,CO,Methanol,0.23730545119717866,0.0219,O=Cc1ccccc1.CO,0.04275870974527407,0.3218587097452741
169,288,154,285,211,221,290,258,336,336,337,9-(2-Hydroxyethyl)anthracene,CA139,54060-73-0,222.1044651,OCCC1=C2C=CC=CC2=CC3=CC=CC=C13,CO,Methanol,0.9398884627714579,0.0039,OCCC1=C2C=CC=CC2=CC3=CC=CC=C13.CO,0.042300000000000004,1.0
110,237,12,154,271,91,272,377,295,295,296,"1-NITRONAPHTHALENE, 99%",Z132,86-57-7,173.0,C1=CC=C2C(=C1)C=CC=C2[N+](=O)[O-],CO,Methanol,0.5339188609006624,0.2065,C1=CC=C2C(=C1)C=CC=C2[N+](=O)[O-].CO,0.04216181000151853,0.6488381899984814
285,211,146,339,137,335,170,318,182,182,182,"1,2-Dimethoxybenzene",Z18,91-16-7,138.0,COC1=CC=CC=C1OC,CO,Methanol,0.5542877231626779,0.0193,COC1=CC=CC=C1OC.CO,0.041535583044489455,0.6194355830444894
38,204,45,200,306,293,311,266,57,57,57,2-amino-5-nitrophenol,CP 28,121-88-0,154.0,C1=CC(=C(C=C1[N+](=O)[O-])O)N,CO,Methanol,0.5757447440091645,0.0179,C1=CC(=C(C=C1[N+](=O)[O-])O)N.CO,0.04053040808823305,0.668869591911767
44,252,244,316,311,229,225,141,45,45,45,4-Acetoamidophenol,AP37,103-90-2,151.0,OC1=CC=C(NC(C)=O)C=C1,CO,Methanol,0.783304194569602,0.0129,OC1=CC=C(NC(C)=O)C=C1.CO,0.03843047425483892,0.8159304742548389
220,234,27,152,97,54,270,337,342,342,343,4-Iodotoluene,CB87,624-31-7,218.03,Cc1ccc(I)cc1,CO,Methanol,0.34133624938259516,0.0949,Cc1ccc(I)cc1.CO,0.038107061211277216,0.4127929387887228
163,310,67,270,354,134,343,298,216,216,217,6-BROMOOXINDOLE,CA121,99365-40-9,210.9632759,O=C1NC2=C(C=CC(Br)=C2)C1,CO,Methanol,0.7988109621477667,0.0181,O=C1NC2=C(C=CC(Br)=C2)C1.CO,0.037310518957484384,0.8865105189574843
170,270,112,301,287,219,193,339,371,371,372,"2-bromo-1,3-dimethylbenzene",Z117,576-22-7,185.0,CC1=C(C(=CC=C1)C)Br,CO,Methanol,0.6617220174294751,0.0504,CC1=C(C(=CC=C1)C)Br.CO,0.036374940665063304,0.6973250593349367
292,222,123,263,81,328,150,274,97,97,97,4-nitrophenol,Z130,100-02-7,139.0,OC1=CC=C([N+]([O-])=O)C=C1,CO,Methanol,0.3638772932310673,0.0359,OC1=CC=C([N+]([O-])=O)C=C1.CO,0.035756025533342506,0.4586560255333425
208,230,60,337,173,236,174,358,153,153,153,2-Methyl-3-nitroaniline,CJ58,603-83-8,152.06,NC1=CC=CC([N+]([O-])=O)=C1C,CO,Methanol,0.5776866428228388,0.0335,NC1=CC=CC([N+]([O-])=O)=C1C.CO,0.03476260025731692,0.6829626002573169
268,327,253,245,323,278,309,323,415,415,416,"1,3-dioxoisoindolin-2-yl cyclohexanecarboxylate",,,273.100108,O=C(N(OC(C1CCCCC1)=O)C2=O)C3=C2C=CC=C3,CO,Methanol,0.9531638444413015,0.0099,O=C(N(OC(C1CCCCC1)=O)C2=O)C3=C2C=CC=C3.CO,0.033299999999999996,1.0
58,216,40,104,238,81,232,204,279,279,280,ACRIDINE,D30,260-94-6,179.0,C12=NC3=CC=CC=C3C=C1C=CC=C2,CO,Methanol,0.7342715503106882,0.0267,C12=NC3=CC=CC=C3C=C1C=CC=C2.CO,0.0324422096305762,0.8394577903694238
181,219,29,140,218,249,324,347,103,103,103,Terephthalaldehyde,S53,623-27-8,134.0367794,O=CC1=CC=C(C=O)C=C1,CO,Methanol,0.5042828058529777,0.0111,O=CC1=CC=C(C=O)C=C1.CO,0.03229100703917431,0.5656089929608257
20,248,246,271,260,301,326,156,357,357,358,4-bromo-2-(4-bromopyridin-2-yl)pyridine,Z27,18511-71-2,313.0,C1=CN=C(C=C1Br)C2=NC=CC(=C2)Br,CO,Methanol,0.8373762033791453,0.0218,C1=CN=C(C=C1Br)C2=NC=CC(=C2)Br.CO,0.031748020803960886,0.8833480208039609
249,245,234,262,327,373,296,307,9,9,9,Hexamethylenetetramine,CF24,100-97-0,140.19,C1N2CN3CN1CN(C2)C3,CO,Methanol,0.9640700230202955,0.0091,C1N2CN3CN1CN(C2)C3.CO,0.031200000000000006,1.0
22,307,87,292,138,146,255,72,337,337,338,"1,3-Dibenzoylbenzene",D29,3770-82-9,286.0,O=C(C1=CC(C(C2=CC=CC=C2)=O)=CC=C1)C3=CC=CC=C3,CO,Methanol,0.9136095882247903,0.0044,O=C(C1=CC(C(C2=CC=CC=C2)=O)=CC=C1)C3=CC=CC=C3.CO,0.031000000000000028,1.0
283,287,21,222,307,97,368,302,219,219,220,"1,2,3,4-Tetrahydro-1-naphthol",CB115,529-33-9,148.088815,OC1CCCC2=C1C=CC=C2,CO,Methanol,0.8365177094376902,0.0036,OC1CCCC2=C1C=CC=C2.CO,0.030688890346419972,0.90878889034642
130,143,193,179,20,124,159,112,54,54,54,Aniline,CP37,62-53-3,93.13,C1=CC=C(C=C1)N,CO,Methanol,0.15393416872042442,0.0454,C1=CC=C(C=C1)N.CO,0.030008840956334104,0.2272088409563341
132,300,166,295,276,356,341,196,183,183,183,"2,6-Diacetylpyridine",Z31,1129-30-2,163.0,CC(=O)C1=NC(=CC=C1)C(=O)C,CO,Methanol,0.8531542158651566,0.0234,CC(=O)C1=NC(=CC=C1)C(=O)C.CO,0.02964872968490595,0.930848729684906
264,239,14,273,119,70,277,386,73,73,73,,Z42,7226-23-5,128.0,O=C1N(C)CCCN1C,CO,Methanol,0.6297653045536761,0.0411,O=C1N(C)CCCN1C.CO,0.02934011391650071,0.7887401139165007
266,290,107,188,370,96,315,385,334,334,335,"1,8-DICHLOROANTHRAQUINONE, 97%",CE6,82-43-9,276.0,Clc1cccc2C(=O)c3cccc(Cl)c3C(=O)c12,CO,Methanol,0.8786570284899482,0.0011,Clc1cccc2C(=O)c3cccc(Cl)c3C(=O)c12.CO,0.02928031125841879,0.9665803112584188
252,302,36,232,80,118,165,249,218,218,219,"1-CHLORO-2-NITROBENZENE, 99%",D17,88-73-3,157.0,[O-][N+](=O)c1ccccc1Cl,CO,Methanol,0.34165817725195313,0.0813,[O-][N+](=O)c1ccccc1Cl.CO,0.02916765050195058,0.4219323494980494
34,232,177,214,264,205,349,181,390,390,391,,Z40,1074-24-4,263.0,CC1=CC(Br)=C(C)C=C1Br,CO,Methanol,0.8407032279779812,0.0082,CC1=CC(Br)=C(C)C=C1Br.CO,0.02878990466329423,0.8647100953367057
0,199,181,161,141,195,204,56,117,117,117,"4,4'-Diaminobenzophenone",Z67,611-98-3,212.0,C1=CC(=CC=C1C(=O)C2=CC=C(C=C2)N)N,CO,Methanol,0.8869968058651945,0.0071,C1=CC(=CC=C1C(=O)C2=CC=C(C=C2)N)N.CO,0.027974949466821997,0.923525050533178
345,280,3,201,248,46,202,350,290,290,291,,Z59,122-95-2,166.0,CCOC1=CC=C(OCC)C=C1,CO,Methanol,0.5495437243783288,0.0197,CCOC1=CC=C(OCC)C=C1.CO,0.027294556715866225,0.7157945567158662
27,295,72,202,241,143,294,139,312,312,313,"4,4'-Difluorobenzophenone",CJ19,345-92-6,218.0543213,O=C(C1=CC=C(F)C=C1)C2=CC=C(F)C=C2,CO,Methanol,0.8125226404111515,0.0048,O=C(C1=CC=C(F)C=C1)C2=CC=C(F)C=C2.CO,0.026844203862161464,0.8933442038621615
25,260,69,246,202,82,284,121,119,119,119,2-Amino-5-bromobenzoic acid,RB54,5794-88-7,216.03,C1=CC(=C(C=C1Br)C(=O)O)N,CO,Methanol,0.855312430662365,0.0313,C1=CC(=C(C=C1Br)C(=O)O)N.CO,0.026280582684895748,0.9280805826848958
128,284,202,243,304,287,339,305,167,167,167,Tetrafluoroterephthalonitrile 5G,"CB104, C79",1835-49-0,199.9997609,N#CC1=C(F)C(F)=C(C#N)C(F)=C1F,CO,Methanol,0.9465088533316046,0.004,N#CC1=C(F)C(F)=C(C#N)C(F)=C1F.CO,0.026048664628516738,0.9943486646285168
15,170,61,89,123,125,188,24,12,12,12,Mandelic acid,CR18,90-64-2,152.0,OC(C(O)=O)C1=CC=CC=C1,CO,Methanol,0.9377857913489848,0.0,OC(C(O)=O)C1=CC=CC=C1.CO,0.025957981384258866,0.9739420186157411
42,244,49,297,326,167,244,170,360,360,361,Di-p-tolylamine,D27,620-93-9,197.0,CC1=CC=C(NC2=CC=C(C)C=C2)C=C1,CO,Methanol,0.709049842315421,0.047,CC1=CC=C(NC2=CC=C(C)C=C2)C=C1.CO,0.02391579012072853,0.7898157901207286
323,181,212,321,64,245,158,186,211,211,212,,Z38,624-28-2,237.0,BrC1=CN=C(Br)C=C1,CO,Methanol,0.32761429839118567,0.0526,BrC1=CN=C(Br)C=C1.CO,0.023410770415038307,0.3783107704150383
183,168,65,111,343,128,219,212,293,293,294,"DIETHYL 1,4-DIHYDRO-2,6-DIMETHYL-3,5-PYRIDINEDICARBOXYLATE",CK27,1149-23-1,253.29,CCOC(=O)C1=C(C)NC(C)=C(C(=O)OCC)C1,CO,Methanol,0.9494136511477757,0.0,CCOC(=O)C1=C(C)NC(C)=C(C(=O)OCC)C1.CO,0.022746805885673238,0.9772531941143268
334,189,158,241,73,257,122,191,62,62,62,4-aminobenzonitrile,Z140,873-74-5,118.0,N#CC1=CC=C(N)C=C1,CO,Methanol,0.3423835083808477,0.0275,N#CC1=CC=C(N)C=C1.CO,0.022465077314802406,0.4049650773148024
17,258,211,251,190,371,306,67,118,118,118,Clothianidin,AP41,210880-92-5,249.0087232,CNC(=N[N+](=O)[O-])NCC1=CN=C(S1)Cl,CO,Methanol,0.9381737560817335,0.0067,CNC(=N[N+](=O)[O-])NCC1=CN=C(S1)Cl.CO,0.022333874511871632,0.9840338745118716
92,247,52,235,196,117,299,106,130,130,130,(R)-(?)-2-Phenylbutyric acid,CA154,938-79-4,164.2,CC[C@@H](C(=O)O)c1ccccc1,CO,Methanol,0.946434368694738,0.0004,CC[C@@H](C(=O)O)c1ccccc1.CO,0.02180000000000004,1.0
23,235,290,274,149,268,288,68,413,413,414,Quinaldic acid,,100-21-0,166.0266087,O=C(O)C1=CC=C(C(O)=O)C=C1,CO,Methanol,0.9180661861024547,0.011,O=C(O)C1=CC=C(C(O)=O)C=C1.CO,0.021615899120688176,0.9641158991206882
236,262,228,282,337,242,346,287,359,359,360,Propiconazole,RB44,60207-90-1,341.0697821,CCCC(CO1)OC1(C2=C(Cl)C=C(Cl)C=C2)CN3N=CN=C3,CO,Methanol,0.9709083631926451,0.001,CCCC(CO1)OC1(C2=C(Cl)C=C(Cl)C=C2)CN3N=CN=C3.CO,0.02090000000000003,1.0
11,243,76,213,236,239,330,83,46,46,46,4-Acetoamidophenol,AP37,103-90-2,151.0633285,OC1=CC=C(NC(C)=O)C=C1,CO,Methanol,0.783304194569602,0.0065,OC1=CC=C(NC(C)=O)C=C1.CO,0.02076952574516111,0.8159304742548389
186,257,199,289,298,263,334,281,375,375,376,"1,2,4,5-Tetrakis(bromomethyl) benzene","CB31, CB41",15442-91-8,445.7515987,BrCC1=C(CBr)C=C(CBr)C(CBr)=C1,CO,Methanol,0.9248957105669435,0.0339,BrCC1=C(CBr)C=C(CBr)C(CBr)=C1.CO,0.01991795343392677,0.9667179534339267
137,306,16,219,146,94,185,375,236,236,237,"3,4-Dichloroaniline",CB90,95-76-1,160.98,NC1=CC=C(Cl)C(Cl)=C1,CO,Methanol,0.4382990869047723,0.0311,NC1=CC=C(Cl)C(Cl)=C1.CO,0.01950370797683121,0.5448962920231688
80,267,358,298,200,271,321,133,401,401,402,Sulfamethoxazole,AP38,723-46-6,253.0521122,CC1=CC(NS(=O)(C2=CC=C(C=C2)N)=O)=NO1,CO,Methanol,1.006671644268415,0.0049,CC1=CC(NS(=O)(C2=CC=C(C=C2)N)=O)=NO1.CO,0.018900000000000028,1.0
157,319,342,277,98,209,211,367,368,368,369,"1,3-Diiodobenzene",Z35,626-00-6,329.0,IC1=CC(I)=CC=C1,CO,Methanol,0.46293052788463934,0.0665,IC1=CC(I)=CC=C1.CO,0.01870116136380129,0.4608011613638013
36,271,38,198,186,133,253,128,192,192,192,,Z16,92-44-4,160.0,OC1=C(O)C=C2C=CC=CC2=C1,CO,Methanol,0.8238228252054933,0.0086,OC1=C(O)C=C2C=CC=CC2=C1.CO,0.018412551390882048,0.915612551390882
64,276,205,332,164,346,305,136,259,259,260,pyrimethanie (mebendazole),RB23,31431-39-7,295.0956913,COC(=O)NC1=NC2=C(N1)C=C(C=C2)C(=O)C3=CC=CC=C3,CO,Methanol,0.9657043581229958,0.0132,COC(=O)NC1=NC2=C(N1)C=C(C=C2)C(=O)C3=CC=CC=C3.CO,0.018199999999999994,1.0
72,320,64,265,283,336,266,144,409,409,410,Phenacetin,CP1,62-44-2,179.0946287,CCOC1=CC=C(C=C1)NC(C)=O,CO,Methanol,0.7685391643145516,0.0056,CCOC1=CC=C(C=C1)NC(C)=O.CO,0.01815095764337593,0.8591509576433759
151,304,152,287,256,270,345,192,213,213,214,tert-Butylhydroquinone,CQ21,1948-33-0,166.0993797,OC1=CC=C(O)C=C1C(C)(C)C,CO,Methanol,0.9715798140102239,0.0051,OC1=CC=C(O)C=C1C(C)(C)C.CO,0.017900000000000027,1.0
32,316,24,171,360,108,379,241,273,273,274,"2,4,6-TRICHLOROPHENOL, 98%",CC5,88-06-2,195.0,Oc1c(Cl)cc(Cl)cc1Cl,CO,Methanol,0.6658788591638118,0.0193,Oc1c(Cl)cc(Cl)cc1Cl.CO,0.01786097158848854,0.8047609715884886
5,228,150,205,129,164,222,50,171,171,171,bis(4-hydroxyphenyl)methanone,Z46,611-99-4,214.0,O=C(C1=CC=C(O)C=C1)C2=CC=C(O)C=C2,CO,Methanol,0.9229446428283992,0.0064,O=C(C1=CC=C(O)C=C1)C2=CC=C(O)C=C2.CO,0.016293429200702092,0.971293429200702
217,240,44,310,265,77,197,353,201,201,201,"2,5 dimethyl anilin",CC46,95-78-3,121.0891494,NC1=CC(C)=CC=C1C,CO,Methanol,0.607462608599702,0.0208,NC1=CC(C)=CC=C1C.CO,0.01626348571809977,0.7031634857180997
88,238,141,275,364,62,328,221,188,188,188,"alpha, alpha-Dipyridyl (the name is good)",CA113,366-18-7,158.18,C1=CC=NC(=C1)C2=CC=CC=N2,CO,Methanol,0.6993704324020263,0.0138,C1=CC=NC(=C1)C2=CC=CC=N2.CO,0.016010282142760346,0.7056897178572397
134,281,126,237,237,273,335,135,300,300,301,Fluoxetine Hydrochloride,AP13,56296-78-7,345.0,CNCCC(C1=CC=CC=C1)OC2=CC=C(C=C2)C(F)(F)F,CO,Methanol,0.958042713253757,0.0015,CNCCC(C1=CC=CC=C1)OC2=CC=C(C=C2)C(F)(F)F.CO,0.015499999999999958,1.0
150,157,140,206,30,104,169,127,53,53,53,Aniline,CP37,62-53-3,93.13,C1=CC=C(C=C1)N,CO,Methanol,0.15393416872042442,0.0208,C1=CC=C(C=C1)N.CO,0.015308840956334085,0.2272088409563341
317,205,110,309,68,120,160,210,178,178,178,"4-BROMOANILINE, 97%",CC3,106-40-1,170.0,Nc1ccc(Br)cc1,CO,Methanol,0.3011414488368314,0.0598,Nc1ccc(Br)cc1.CO,0.015169126233476382,0.3549691262334764
26,185,82,103,132,154,206,31,11,11,11,Mandelic acid,CR18,90-64-2,152.0,OC(C(O)=O)C1=CC=CC=C1,CO,Methanol,0.9377857913489848,0.0011,OC(C(O)=O)C1=CC=CC=C1.CO,0.01345798138425891,0.9739420186157411
238,279,296,308,348,309,333,232,189,189,189,Piroxicam,RB38,36322-90-4,307.14514,CC(C)(C)C(CCC1=CC=C(C=C1)Cl)(CN2C=NC=N2)O,CO,Methanol,0.9922942108117285,0.0017,CC(C)(C)C(CCC1=CC=C(C=C1)Cl)(CN2C=NC=N2)O.CO,0.0131,1.0
108,263,62,187,345,103,314,227,258,258,259,,Z8,5779-95-3,134.0,O=CC1=CC(C)=CC(C)=C1,CO,Methanol,0.6926796670320916,0.0388,O=CC1=CC(C)=CC(C)=C1.CO,0.012880494544522114,0.7960804945445221
195,294,265,300,251,277,338,261,303,303,304,,Z28,91-44-1,231.0,O=C1OC2=C(C=CC(N(CC)CC)=C2)C(C)=C1,CO,Methanol,0.9783180613125221,0.0037,O=C1OC2=C(C=CC(N(CC)CC)=C2)C(C)=C1.CO,0.012800000000000034,1.0
107,253,59,211,232,266,308,161,311,311,312,Thymol,CP3,89-83-8,150.1044651,CC1=CC(O)=C(C(C)C)C=C1,CO,Methanol,0.9014366262761739,0.0046,CC1=CC(O)=C(C(C)C)C=C1.CO,0.012491301765755969,0.955091301765756
324,282,289,311,350,318,336,384,343,343,344,Mometasone Furoate,AP11,83919-23-7,520.141944,CC1CC2C3CCC4=CC(=O)C=CC4(C3(C(CC2(C1(C(=O)CCl)OC(=O)C5=CC=CO5)C)O)Cl)C,CO,Methanol,0.9689515851124479,0.007,CC1CC2C3CCC4=CC(=O)C=CC4(C3(C(CC2(C1(C(=O)CCl)OC(=O)C5=CC=CO5)C)O)Cl)C.CO,0.012399999999999967,1.0
30,275,266,192,163,380,235,108,256,256,257,"4,4'-Dimethyl-2,2'-bipyridyl",Z5,1134-35-6,184.0,CC1=CC(C2=NC=CC(C)=C2)=NC=C1,CO,Methanol,0.9174601393011247,0.0123,CC1=CC(C2=NC=CC(C)=C2)=NC=C1.CO,0.012334114298543142,0.9567341142985432
303,283,75,313,351,140,337,349,325,325,326,"4,4-(Hexafluoroisopropylidene)diphenol",CJ31,1478-61-1,336.0584989,FC(F)(F)C(C1=CC=C(O)C=C1)(C2=CC=C(O)C=C2)C(F)(F)F,CO,Methanol,0.922104589758312,0.0019,FC(F)(F)C(C1=CC=C(O)C=C1)(C2=CC=C(O)C=C2)C(F)(F)F.CO,0.012299999999999978,1.0
85,161,28,319,246,95,198,345,158,158,158,"3,5-Difluorobenzonitrile",CA78,64248-63-1,139.0233555,N#CC1=CC(F)=CC(F)=C1,CO,Methanol,0.5526403779001298,0.0185,N#CC1=CC(F)=CC(F)=C1.CO,0.011969110205740985,0.674869110205741
171,285,164,331,234,295,340,159,288,288,289,Ibuprofen,AP10,15687-27-1,206.1306798,CC(CC1=CC=C(C(C(O)=O)C)C=C1)C,CO,Methanol,0.9739643526062338,0.0011,CC(CC1=CC=C(C(C(O)=O)C)C=C1)C.CO,0.011199999999999988,1.0
259,291,206,306,310,302,332,361,168,168,168,Oxolinic acid,RB41,14698-29-4,261.0637225,CCN(C1=CC2=C(C=C1C3=O)OCO2)C=C3C(O)=O,CO,Methanol,0.9809114394653661,0.0024,CCN(C1=CC2=C(C=C1C3=O)OCO2)C=C3C(O)=O.CO,0.01090000000000002,1.0
76,273,125,239,198,345,248,184,266,266,267,PYRIMETHAMINE,AP23,58-14-0,248.0,CCC1=C(C2=CC=C(Cl)C=C2)C(N)=NC(N)=N1,CO,Methanol,0.9488325208629869,0.0004,CCC1=C(C2=CC=C(Cl)C=C2)C(N)=NC(N)=N1.CO,0.010700000000000043,1.0
143,269,51,218,266,92,293,208,251,251,252,"3,4,5-TRIMETHYLPHENOL, 97%",CA5,527-54-8,137.0,Cc1cc(O)cc(C)c1C,CO,Methanol,0.8228691466386805,0.0069,Cc1cc(O)cc(C)c1C.CO,0.010261404659871243,0.9268614046598712
140,132,4,46,319,44,196,207,91,91,91,Sesamol,CJ74,533-31-3,138.12,C1OC2=C(O1)C=C(C=C2)O,CO,Methanol,0.8470138177860943,0.0204,C1OC2=C(O1)C=C(C=C2)O.CO,0.010204609546872079,0.892604609546872
118,305,239,318,191,314,358,168,208,208,209,Naproxen,RB28,22204-53-1,230.0942943,O=C([C@H](C1=CC2=CC=C(OC)C=C2C=C1)C)O,CO,Methanol,0.9791060001563406,0.0017,O=C([C@H](C1=CC2=CC=C(OC)C=C2C=C1)C)O.CO,0.010199999999999987,1.0
89,292,176,323,151,269,356,104,70,70,70,"2,2'-DITHIODIBENZOIC ACID, >=95.0%",CD5,119-80-2,306.0,OC(=O)c1ccccc1SSc2ccccc2C(O)=O,CO,Methanol,0.980684468102047,0.0056,OC(=O)c1ccccc1SSc2ccccc2C(O)=O.CO,0.009299999999999975,1.0
53,289,252,234,254,355,323,114,35,35,35,(R)-(_)-2-Phenylglycinol,D39,56613-80-0,137.0,N[C@H](C1=CC=CC=C1)CO,CO,Methanol,0.8701414667830016,0.0166,N[C@H](C1=CC=CC=C1)CO.CO,0.00815654175256908,0.8769434582474309
136,296,293,286,222,329,364,109,68,68,68,Atenolol,AP1 ,29122-68-7,266.0,CC(C)NCC(COC1=CC=C(C=C1)CC(=O)N)O,CO,Methanol,0.9857930751443955,0.0011,CC(C)NCC(COC1=CC=C(C=C1)CC(=O)N)O.CO,0.008000000000000007,1.0
127,277,191,184,205,330,274,132,232,232,233,DL-Propranolol hydrochloride,AP2,318-98-9,295.0,CC(C)NCC(COC1=CC=CC2=CC=CC=C21)O,CO,Methanol,0.9812813165437562,0.0002,CC(C)NCC(COC1=CC=CC2=CC=CC=C21)O.CO,0.007800000000000029,1.0
71,265,116,229,192,319,243,180,267,267,268,PYRIMETHAMINE,AP23,58-14-0,248.0828741,CCC1=C(C2=CC=C(Cl)C=C2)C(N)=NC(N)=N1,CO,Methanol,0.9488325208629869,0.0087,CCC1=C(C2=CC=C(Cl)C=C2)C(N)=NC(N)=N1.CO,0.007600000000000051,1.0
111,297,271,327,231,372,347,117,109,109,109,Ranitidine hydrochloride,AP57,66357-59-3,350.1179393,CN/C(NCCSCC1=CC=C(O1)CN(C)C)=C\[N+]([O-])=O,CO,Methanol,0.9953921300278135,0.0076,CN/C(NCCSCC1=CC=C(O1)CN(C)C)=C\[N+]([O-])=O.CO,0.007199999999999984,1.0
126,299,288,340,197,339,351,111,67,67,67,dibenzoyl-L-tartaric acid,CF14,2743-38-6,358.3,C1=CC=C(C=C1)C(=O)O[C@H]([C@H](C(=O)O)OC(=O)C2=CC=CC=C2)C(=O)O,CO,Methanol,0.9901436196149742,0.0013,C1=CC=C(C=C1)C(=O)O[C@H]([C@H](C(=O)O)OC(=O)C2=CC=CC=C2)C(=O)O.CO,0.006800000000000028,1.0
129,298,303,329,244,338,350,123,123,123,123,Nizatidine,RB32,76963-41-2,331.1136669,CN/C(NCCSCC1=CSC(CN(C)C)=N1)=C\[N+]([O-])=O,CO,Methanol,0.9954997729114416,0.0028,CN/C(NCCSCC1=CSC(CN(C)C)=N1)=C\[N+]([O-])=O.CO,0.006800000000000028,1.0
96,301,227,346,199,344,359,122,392,392,393,"2,4-Diphenyl-4-methyl-1-pentene",CJ63,6362-80-7,236.35,CC(C)(CC(=C)C1=CC=CC=C1)C2=CC=CC=C2,CO,Methanol,0.9892185737019894,0.0005,CC(C)(CC(=C)C1=CC=CC=C1)C2=CC=CC=C2.CO,0.00649999999999995,1.0
97,317,92,228,358,224,287,244,309,309,310,"1-Bromo-3,5-dimethoxybenzene",Z55,20469-65-2,217.0,COC1=CC(OC)=CC(Br)=C1,CO,Methanol,0.7359509398986479,0.0056,COC1=CC(OC)=CC(Br)=C1.CO,0.006359232562021089,0.7767592325620211
82,254,165,217,224,196,301,129,214,214,215,"2,2,2-Trimethylpropionanilide",D36,61495-04-3,191.0,O=C(NC1=C(C)C=CC=C1)C(C)(C)C,CO,Methanol,0.9584185655865569,0.0011,O=C(NC1=C(C)C=CC=C1)C(C)(C)C.CO,0.006099999999999994,1.0
18,250,230,261,148,347,273,85,281,281,282,Diclofenac sodium salt,AP33,15307-79-6,316.9986282,OC(CC1=C(C=CC=C1)NC2=C(C=CC=C2Cl)Cl)=O,CO,Methanol,0.9611439438793055,0.0005,OC(CC1=C(C=CC=C1)NC2=C(C=CC=C2Cl)Cl)=O.CO,0.005700000000000038,1.0
43,224,134,335,258,216,375,143,291,291,292,2-Pheylphenol,CQ4,90-43-7,170.0731649,OC1=CC=CC=C1C2=CC=CC=C2,CO,Methanol,0.7210485827336366,0.07,OC1=CC=CC=C1C2=CC=CC=C2.CO,0.005585725128857688,0.8206857251288577
14,200,30,166,136,71,221,93,31,31,31,6-aminonaphthalene-2-carboxylic acid,Z89,116668-47-4,187.0,C1=CC2=C(C=CC(=C2)N)C=C1C(=O)O,CO,Methanol,0.8791850143321909,0.0019,C1=CC2=C(C=CC(=C2)N)C=C1C(=O)O.CO,0.0042357578305933785,0.9654642421694066
1,242,113,182,152,178,241,42,10,10,10,Phloroglucinol,I4,108-73-6,126.11,Oc1cc(O)cc(O)c1,CO,Methanol,0.8161688995996484,0.0075,Oc1cc(O)cc(O)c1.CO,0.00347916451326169,0.8927791645132617
295,308,300,342,368,352,360,362,382,382,383,"2,5-Di-tert-butylhydroquinone",CB114,88-58-4,222.33,CC(C)(C)c1cc(O)c(C(C)(C)C)cc1O,CO,Methanol,0.9928348388794344,0.0006,CC(C)(C)c1cc(O)c(C(C)(C)C)cc1O.CO,0.0033999999999999586,1.0
349,259,63,305,53,261,157,163,229,229,230,"1-CHLORO-4-NITROBENZENE, 99%",D20,100-00-5,157.0,[O-][N+](=O)c1ccc(Cl)cc1,CO,Methanol,0.2687679325312,0.1145,[O-][N+](=O)c1ccc(Cl)cc1.CO,0.003356189345603222,0.3506561893456032
99,272,32,247,233,279,313,202,75,75,75,Tryptamine,CA80,61-54-1,160.1000484,NCCC1=CNC2=CC=CC=C12,CO,Methanol,0.8084785705657677,0.0124,NCCC1=CNC2=CC=CC=C12.CO,0.003212236012775649,0.9208877639872244
79,309,361,344,142,358,361,145,116,116,116,"1,3,5-tris(4-carboxyphenyl)benzene",CA157,50446-44-1,438.43,O=C(O)c1ccc(-c2cc(-c3ccc(C(=O)O)cc3)cc(-c3ccc(C(=O)O)cc3)c2)cc1,CO,Methanol,1.0139772316747582,0.0049,O=C(O)c1ccc(-c2cc(-c3ccc(C(=O)O)cc3)cc(-c3ccc(C(=O)O)cc3)c2)cc1.CO,0.0031999999999999806,1.0
102,215,103,151,322,163,239,147,138,138,138,Nicotine ,CB94,54-11-5,162.1156984,CN1C(CCC1)C2=CN=CC=C2,CO,Methanol,0.9459188484694535,0.0021,CN1C(CCC1)C2=CN=CC=C2.CO,0.003134968911553515,0.9770650310884464
269,312,145,355,332,315,362,398,373,373,374,Triptycene,CB109,477-75-8,254.0,C1=CC=C2C3C4=CC=CC=C4C(C2=C1)C5=CC=CC=C35,CO,Methanol,0.9875196293213115,0.0003,C1=CC=C2C3C4=CC=CC=C4C(C2=C1)C5=CC=CC=C35.CO,0.0030000000000000027,1.0
222,313,250,345,335,364,363,217,355,355,356,Tebuconazole,RB40,107534-96-3,307.14514,CC(C)(C)C(CCC1=CC=C(C=C1)Cl)(CN2C=NC=N2)O,CO,Methanol,0.9922942108117285,0.0005,CC(C)(C)C(CCC1=CC=C(C=C1)Cl)(CN2C=NC=N2)O.CO,0.0028000000000000247,1.0
139,261,243,212,349,288,366,174,121,121,121,(R)-(_)-_-Methylcyclohexanemethylamine,D35,5913-13-3,127.0,N[C@H](C)C1CCCCC1,CO,Methanol,0.946269666546709,0.0086,N[C@H](C)C1CCCCC1.CO,0.0027706857945619667,0.986770685794562
191,318,172,347,269,361,365,264,403,403,404,Sulindac,AP54,38194-50-2,356.0882436,CC1=C(C2=CC(F)=CC=C2/C1=C\C3=CC=C(S(C)=O)C=C3)CC(O)=O,CO,Methanol,0.9820638688281806,0.0003,CC1=C(C2=CC(F)=CC=C2/C1=C\C3=CC=C(S(C)=O)C=C3)CC(O)=O.CO,0.0023999999999999577,1.0
63,330,148,149,170,230,265,366,377,377,378,"1,3,5-Trichlorobenzene",Z161,108-70-3,181.0,C1=C(C=C(C=C1Cl)Cl)Cl,CO,Methanol,0.5493752692995745,0.0287,C1=C(C=C(C=C1Cl)Cl)Cl.CO,0.0019069557744574306,0.5853930442255426
120,293,143,196,226,225,307,102,85,85,85,"(1R,2S)-(-)-N-Methylephedrine",AP4,552-79-4,179.1310142,CC(C(C1=CC=CC=C1)O)N(C)C,CO,Methanol,0.9709399761149904,0.0002,CC(C(C1=CC=CC=C1)O)N(C)C.CO,0.0017000000000000348,1.0
347,321,171,296,372,359,367,400,400,400,401, Artemisinin  ,AP6,63968-64-9,282.1467238,CC1CCC2C(C(=O)OC3C24C1CCC(O3)(OO4)C)C,CO,Methanol,0.985464171239101,0.0008,CC1CCC2C(C(=O)OC3C24C1CCC(O3)(OO4)C)C.CO,0.0017000000000000348,1.0
307,322,277,349,373,334,369,381,348,348,349,Dipyridamole,AP5,58-32-2,504.0,OCCN(C1=NC2=C(C(N3CCCCC3)=N1)N=C(N(CCO)CCO)N=C2N4CCCCC4)CCO,CO,Methanol,0.9958111337052671,0.0002,OCCN(C1=NC2=C(C(N3CCCCC3)=N1)N=C(N(CCO)CCO)N=C2N4CCCCC4)CCO.CO,0.0016000000000000458,1.0
204,324,235,350,331,367,371,279,165,165,165,Tenoxicam,RB34,59804-37-4,337.0190978,CN1C(C(NC2=CC=CC=N2)=O)=C(C3=C(S1(=O)=O)C=CS3)O,CO,Methanol,0.9807001273894658,0.0006,CN1C(C(NC2=CC=CC=N2)=O)=C(C3=C(S1(=O)=O)C=CS3)O.CO,0.0014999999999999458,1.0
314,323,173,351,374,201,370,401,416,416,417,"1,3-dioxoisoindolin-2-yl adamantane-1-carboxylate",,,325.1314081,O=C(N(OC(C12CC3CC(CC(C2)C3)C1)=O)C4=O)C5=C4C=CC=C5,CO,Methanol,0.9635605663536733,0.0002,O=C(N(OC(C12CC3CC(CC(C2)C3)C1)=O)C4=O)C5=C4C=CC=C5.CO,0.0014999999999999458,1.0
348,325,310,353,375,333,372,402,385,385,386,Roxithromycin,AP3,80214-83-1,836.5245697,C[C@@H]1[C@@H](O[C@H]2[C@H](O)[C@@H](N(C)C)C[C@@H](C)O2)[C@](C)(O)C[C@@H](C)/C([C@H](C)[C@@H](O)[C@](C)(O)[C@@H](CC)OC([C@H](C)[C@H]1O[C@@H]3O[C@@H](C)[C@H](O)[C@](C)(OC)C3)=O)=N\OCOCCOC,CO,Methanol,0.9841409908869706,0.0005,C[C@@H]1[C@@H](O[C@H]2[C@H](O)[C@@H](N(C)C)C[C@@H](C)O2)[C@](C)(O)C[C@@H](C)/C([C@H](C)[C@@H](O)[C@](C)(O)[C@@H](CC)OC([C@H](C)[C@H]1O[C@@H]3O[C@@H](C)[C@H](O)[C@](C)(OC)C3)=O)=N\OCOCCOC.CO,0.0013999999999999568,1.0
215,326,122,354,281,320,373,211,224,224,225,NNN'N'-Tetraethylisophthalamide,D42,13698-87-8,276.0,CCN(CC)C(C1=CC=CC(C(N(CC)CC)=O)=C1)=O,CO,Methanol,0.970251938815343,0.0008,CCN(CC)C(C1=CC=CC(C(N(CC)CC)=O)=C1)=O.CO,0.0011999999999999789,1.0
93,315,80,209,369,204,300,238,308,308,309,"1-Bromo-3,5-dimethoxybenzene",Z55,20469-65-2,217.0,COC1=CC(OC)=CC(Br)=C1,CO,Methanol,0.7359509398986479,0.0309,COC1=CC(OC)=CC(Br)=C1.CO,0.0011592325620211064,0.7767592325620211
300,194,159,290,51,291,112,158,313,313,314,,Z175,95-50-1,147.0,C1=CC=C(C(=C1)Cl)Cl,CO,Methanol,0.2784844320702583,0.0133,C1=CC=C(C(=C1)Cl)Cl.CO,0.000873612649224309,0.3371263873507757
239,328,312,356,376,374,374,354,221,221,222,(+)-Quinidine,CA108,56-54-2,324.42,C=C[C@H]1CN2CC[C@H]1C[C@@H]2[C@@H](O)c1ccnc2ccc(OC)cc12,CO,Methanol,0.98503816209096,0.0004,C=C[C@H]1CN2CC[C@H]1C[C@@H]2[C@@H](O)c1ccnc2ccc(OC)cc12.CO,0.0006000000000000449,1.0
228,329,197,357,274,376,376,342,314,314,315,"4,4'-(9H-fluorene-9,9-diyl)dianiline",Z139,15499-84-0,348.0,C1=CC=C2C(=C1)C3=CC=CC=C3C2(C4=CC=C(C=C4)N)C5=CC=C(C=C5)N,CO,Methanol,0.9945164461918986,0.0004,C1=CC=C2C(=C1)C3=CC=CC=C3C2(C4=CC=C(C=C4)N)C5=CC=C(C=C5)N.CO,0.00029999999999996696,1.0
59,236,236,220,279,297,319,193,328,328,329,"1,4-dibromo-2,5-dimethoxybenzene",CB130,2674-34-2,293.8891037,COC1=C(Br)C=C(OC)C(Br)=C1,CO,Methanol,0.8790795201853701,0.0076,COC1=C(Br)C=C(OC)C(Br)=C1.CO,0.00020650708256564343,0.8960934929174343
7,333,175,324,106,377,249,74,263,263,264,"1,3,5-Tris(4-aminophenyl)benzene",CA144,118727-34-7,351.44,Nc1ccc(-c2cc(-c3ccc(N)cc3)cc(-c3ccc(N)cc3)c2)cc1,CO,Methanol,0.9697785250010594,0.0001,Nc1ccc(-c2cc(-c3ccc(N)cc3)cc(-c3ccc(N)cc3)c2)cc1.CO,0.00019999999999997797,1.0
166,331,245,358,249,379,377,256,257,257,258,Naphthol blue black,CO39,1064-48-8,616.0059066,NC1=C(C(S(O)(=O)=O)=CC2=C1C(O)=C(C(S(O)(=O)=O)=C2)/N=N/C3=CC=CC=C3)/N=N/C4=CC=C(C=C4)[N+]([O-])=O,CO,Methanol,0.9881953923298807,0.0,NC1=C(C(S(O)(=O)=O)=CC2=C1C(O)=C(C(S(O)(=O)=O)=C2)/N=N/C3=CC=CC=C3)/N=N/C4=CC=C(C=C4)[N+]([O-])=O.CO,0.00019999999999997797,1.0
350,332,237,303,377,378,378,403,394,394,395,isodrine,rb57,465-73-6,365.0,C1C2C=CC1C3C2C4(C(=C(C3(C4(Cl)Cl)Cl)Cl)Cl)Cl,CO,Methanol,0.9956099471836376,0.0,C1C2C=CC1C3C2C4(C(=C(C3(C4(Cl)Cl)Cl)Cl)Cl)Cl.CO,0.00019999999999997797,1.0
272,334,299,359,357,381,380,325,396,396,397,"2,6-Di-tert-butyl-4-methylpyridine",Z146,38222-83-2,205.0,CC1=CC(=NC(=C1)C(C)(C)C)C(C)(C)C,CO,Methanol,1.0050034592023096,,CC1=CC(=NC(=C1)C(C)(C)C)C(C)(C)C.CO,9.999999999998899e-05,1.0
341,266,58,299,55,250,163,169,240,240,241,"1-CHLORO-4-NITROBENZENE, 99%",Z128,100-00-5,157.0,O=[N+](C1=CC=C(Cl)C=C1)[O-],CO,Methanol,0.2687679619659508,0.012,O=[N+](C1=CC=C(Cl)C=C1)[O-].CO,5.6189345603196994e-05,0.3506561893456032
343,359,168,302,384,392,383,407,333,333,334,Rifaximin,AP63,80621-81-4,785.9,C[C@H]1/C=C/C=C(\C(=O)NC2=C(C3=C(C4=C(C(=C3O)C)O[C@@](C4=O)(O/C=C/[C@@H]([C@H]([C@H]([C@@H]([C@@H]([C@@H]([C@H]1O)C)O)C)OC(=O)C)C)OC)C)C5=C2N6C=CC(=CC6=N5)C)O)/C,CO,Methanol,0.9744263751719627,0.0,C[C@H]1/C=C/C=C(\C(=O)NC2=C(C3=C(C4=C(C(=C3O)C)O[C@@](C4=O)(O/C=C/[C@@H]([C@H]([C@H]([C@@H]([C@@H]([C@@H]([C@H]1O)C)O)C)OC(=O)C)C)OC)C)C5=C2N6C=CC(=CC6=N5)C)O)/C.CO,0.0,1.0
351,344,281,362,380,313,386,404,407,407,408,"5,5',6,6'-TETRAHYDROXY-3,3,3',3'-TETRAMETHYL-1,1'-SPIROBISINDANE",CL10,77-08-7,340.1674592,OC1=C(O)C=C2C(C(C)(C)CC23C(C=C(O)C(O)=C4)=C4C(C)(C)C3)=C1,CO,Methanol,0.9780612725466558,0.0,OC1=C(O)C=C2C(C(C)(C)CC23C(C=C(O)C(O)=C4)=C4C(C)(C)C3)=C1.CO,0.0,1.0
176,343,115,284,261,256,304,229,32,32,32,Thiamine hydrochloride (Vitamin B1),AP24,67-03-8,336.0578376,OCCC1=C(C)[N+](CC2=CN=C(C)N=C2N)=CS1,CO,Methanol,0.9568220394212426,0.0,OCCC1=C(C)[N+](CC2=CN=C(C)N=C2N)=CS1.CO,0.0,1.0
313,336,121,360,383,215,399,357,204,204,205,"4,4-(Hexafluoroisopropylidene)bis(benzoic acid)",CA36,1171-47-7,392.0483281,FC(F)(F)C(C1=CC=C(C=C1)C(O)=O)(C2=CC=C(C=C2)C(O)=O)C(F)(F)F,CO,Methanol,0.9401151545046443,0.0,FC(F)(F)C(C1=CC=C(C=C1)C(O)=O)(C2=CC=C(C=C2)C(O)=O)C(F)(F)F.CO,0.0,1.0
287,341,232,294,381,388,385,405,262,262,263,Tadalafil,CA114,171596-29-5,389.4,CN1CC(=O)N2[C@H](Cc3c([nH]c4ccccc34)[C@H]2c2ccc3c(c2)OCO3)C1=O,CO,Methanol,0.9881116210291407,0.0,CN1CC(=O)N2[C@H](Cc3c([nH]c4ccccc34)[C@H]2c2ccc3c(c2)OCO3)C1=O.CO,0.0,1.0
13,346,207,369,104,323,258,70,406,406,407,"1,3,5-Tris(4-hydroxylphenyl)Benzene",CKB34,15797-52-1,354.1255944,OC1=CC=C(C2=CC(C3=CC=C(O)C=C3)=CC(C4=CC=C(O)C=C4)=C2)C=C1,CO,Methanol,0.9939336675610657,0.0,OC1=CC=C(C2=CC(C3=CC=C(O)C=C3)=CC(C4=CC=C(O)C=C4)=C2)C=C1.CO,0.0,1.0
21,286,287,264,128,198,295,54,386,386,387,LCE-079,CC94,,402.5,C1C=CC=C(OC2=CC=C(S(=O)(=O)C3C=CC(OC4=CC=CC=C4)=CC=3)C=C2)C=1,CO,Methanol,0.9913082055298639,0.0,C1C=CC=C(OC2=CC=C(S(=O)(=O)C3C=CC(OC4=CC=CC=C4)=CC=3)C=C2)C=1.CO,0.0,1.0
54,356,315,371,159,391,381,100,238,238,239,Methyl orange,"Q26, N30",547-58-0,327.0653566,OS(C1=CC=C(C=C1)/N=N/C2=CC=C(C=C2)N(C)C)(=O)=O,CO,Methanol,0.9916748447856674,0.0,OS(C1=CC=C(C=C1)/N=N/C2=CC=C(C=C2)N(C)C)(=O)=O.CO,0.0,1.0
60,350,304,374,177,390,382,118,58,58,58,Sulfamethoxazole,AP38,723-46-6,253.0,CC1=CC(NS(=O)(C2=CC=C(C=C2)N)=O)=NO1,CO,Methanol,1.006671644268415,0.0,CC1=CC(NS(=O)(C2=CC=C(C=C2)N)=O)=NO1.CO,0.0,1.0
62,278,240,283,183,240,316,137,276,276,277,Bisphenol A,CR17,80-05-7,228.1150298,OC1=CC=C(C=C1)C(C)(C)C2=CC=C(C=C2)O,CO,Methanol,0.9745599942231605,0.0,OC1=CC=C(C=C1)C(C)(C)C2=CC=C(C=C2)O.CO,0.0,1.0
73,337,367,364,135,383,395,140,122,122,122,"4-[3,5-bis(4-carboxyphenyl)phenyl]benzoic acid",Z80,50446-44-1,484.0,C1=CC(=CC=C1C2=CC(=CC(=C2)C3=CC=C(C=C3)C(=O)O)C4=CC=C(C=C4)C(=O)O)C(=O)O,CO,Methanol,1.0139772316747582,0.0,C1=CC(=CC=C1C2=CC(=CC(=C2)C3=CC=C(C=C3)C(=O)O)C4=CC=C(C=C4)C(=O)O)C(=O)O.CO,0.0,1.0
87,355,311,376,180,337,391,160,249,249,250,"4-[1,1-bis(4-hydroxyphenyl)ethyl]phenol",CK 32,27955-94-8,306.0,CC(C1=CC=C(C=C1)O)(C2=CC=C(C=C2)O)C3=CC=C(C=C3)O,CO,Methanol,0.9890945650969236,0.0,CC(C1=CC=C(C=C1)O)(C2=CC=C(C=C2)O)C3=CC=C(C=C3)O.CO,0.0,1.0
104,233,99,172,194,85,254,166,82,82,82,"2,4,6-trimethylbenzoic acid",CA34,480-63-7,164.0837296,O=C(O)C1=C(C)C=C(C)C=C1C,CO,Methanol,0.9382097989340723,0.0,O=C(O)C1=C(C)C=C(C)C=C1C.CO,0.0,1.0
131,221,208,227,301,385,317,247,320,320,321,Sertraline hydrochloride,AP32,79559-97-0,342.69,CN[C@H]1CC[C@@H](c2ccc(Cl)c(Cl)c2)c2ccccc21,CO,Methanol,0.9791027034642525,0.0,CN[C@H]1CC[C@@H](c2ccc(Cl)c(Cl)c2)c2ccccc21.CO,0.0,1.0
133,358,170,330,158,260,271,237,322,322,323,rac-BINOL,D32,18531-94-7,286.33,OC1=C(C2=C(C=CC=C3)C3=CC=C2O)C(C=CC=C4)=C4C=C1,CO,Methanol,0.991829848183312,0.0,OC1=C(C2=C(C=CC=C3)C3=CC=C2O)C(C=CC=C4)=C4C=C1.CO,0.0,1.0
135,197,73,185,282,243,283,220,38,38,38,SACCHARIN,CB2,81-07-2,183.0,O=C1N[S](=O)(=O)c2ccccc12,CO,Methanol,0.9462369498212092,0.0,O=C1N[S](=O)(=O)c2ccccc12.CO,0.0,1.0
144,353,192,317,220,351,353,183,393,393,394,Avobenzone Pharmaceutical Secondary Stan (Avobenzone),AP12,70356-09-1,310.1568946,CC(C)(C)C1=CC=C(C=C1)C(=O)CC(=O)C2=CC=C(C=C2)OC,CO,Methanol,0.9720064560055068,0.0,CC(C)(C)C1=CC=C(C=C1)C(=O)CC(=O)C2=CC=C(C=C2)OC.CO,0.0,1.0
161,342,219,368,201,181,389,189,304,304,305,Triphenylacetic acid,Z94,595-91-5,288.0,C1=CC=C(C=C1)C(C2=CC=CC=C2)(C3=CC=CC=C3)C(=O)O,CO,Methanol,1.0074423343482724,0.0,C1=CC=C(C=C1)C(C2=CC=CC=C2)(C3=CC=CC=C3)C(=O)O.CO,0.0,1.0
165,351,195,375,228,332,392,153,391,391,392,"2-Ethylhexyl 2-cyano-3,3-diphenylacrylate",CA81,6197-30-4,361.48,CCCCC(CC)COC(=O)C(C#N)=C(c1ccccc1)c1ccccc1,CO,Methanol,1.0092557210400104,0.0,CCCCC(CC)COC(=O)C(C#N)=C(c1ccccc1)c1ccccc1.CO,0.0,1.0
184,335,161,352,242,253,322,294,326,326,327,Benzbromarone,RB30,3562-84-3,421.9153184,O=C(C1=CC(Br)=C(O)C(Br)=C1)C2=C(OC3=C2C=CC=C3)CC,CO,Methanol,0.987752487634788,0.0,O=C(C1=CC(Br)=C(O)C(Br)=C1)C2=C(OC3=C2C=CC=C3)CC.CO,0.0,1.0
200,340,263,370,252,342,394,240,369,369,370,"Diphenyl(2,4,6-trimethylbenzoyl)phosphine oxide",CB44,75980-60-8,348.37,CC1=CC(=C(C(=C1)C)C(=O)P(=O)(C2=CC=CC=C2)C3=CC=CC=C3)C,CO,Methanol,1.002420530385995,0.0,CC1=CC(=C(C(=C1)C)C(=O)P(=O)(C2=CC=CC=C2)C3=CC=CC=C3)C.CO,0.0,1.0
202,354,142,373,216,241,331,333,310,310,311,"3,3'-dimethylnaphthidine","K14, T73",13138-48-2,312.1626486,NC(C1=CC=CC=C12)=C(C)C=C2C3=CC(C)=C(N)C4=CC=CC=C34,CO,Methanol,0.9737153346145753,0.0,NC(C1=CC=CC=C12)=C(C)C=C2C3=CC(C)=C(N)C4=CC=CC=C34.CO,0.0,1.0
211,349,334,361,291,384,387,236,34,34,34,TARTRAZINE,"fridge top, large acros bottle",1934-21-0,534.36,O=C1N(C2=CC=C(S(=O)(O)=O)C=C2)N=C(C(O)=O)C1N=NC3=CC=C(S(=O)(O)=O)C=C3,CO,Methanol,1.0068585549359126,0.0,O=C1N(C2=CC=C(S(=O)(O)=O)C=C2)N=C(C(O)=O)C1N=NC3=CC=C(S(=O)(O)=O)C=C3.CO,0.0,1.0
218,345,215,372,255,387,388,277,402,402,403,Losartan,AP53,124750-99-8,422.162187,OCC1=C(N=C(N1CC2=CC=C(C3=C(C4=NN=NN4)C=CC=C3)C=C2)CCCC)Cl,CO,Methanol,1.0084290460641558,0.0,OCC1=C(N=C(N1CC2=CC=C(C3=C(C4=NN=NN4)C=CC=C3)C=C2)CCCC)Cl.CO,0.0,1.0
230,360,368,365,243,386,390,299,380,380,381,"COUMARIN 6, 98%",D13,38215-36-0,350.0,CCN(CC)c1ccc2C=C(C(=O)Oc2c1)c3sc4ccccc4n3,CO,Methanol,1.0296557988552353,0.0,CCN(CC)c1ccc2C=C(C(=O)Oc2c1)c3sc4ccccc4n3.CO,0.0,1.0
247,338,248,276,382,331,397,346,399,399,400,_-Caryophyllene,AP59,87-44-5,204.35,C/C/1=C\CCC(=C)[C@H]2CC([C@@H]2CC1)(C)C,CO,Methanol,0.9837105370914607,0.0,C/C/1=C\CCC(=C)[C@H]2CC([C@@H]2CC1)(C)C.CO,0.0,1.0
253,347,124,367,338,200,396,341,110,110,110,Enoxacin,AP51,74011-58-8,320.1284686,CCN1C=C(C(C2=CC(F)=C(N3CCNCC3)N=C12)=O)C(O)=O,CO,Methanol,0.9679244742011093,0.0,CCN1C=C(C(C2=CC(F)=C(N3CCNCC3)N=C12)=O)C(O)=O.CO,0.0,1.0
265,352,135,341,330,306,398,392,374,374,375,Triptycene,CB135,477-75-8,254.1095504,C12C3=C(C=CC=C3)C(C4=C2C=CC=C4)C5=C1C=CC=C5,CO,Methanol,0.9875196293213115,0.0,C12C3=C(C=CC=C3)C(C4=C2C=CC=C4)C5=C1C=CC=C5.CO,0.0,1.0
271,348,297,366,356,382,393,324,395,395,396,"2,6-DI-TERT-BUTYL-4-METHYLPYRIDINE, 98%",D14,38222-83-2,205.0,Cc1cc(nc(c1)C(C)(C)C)C(C)(C)C,CO,Methanol,1.0050034592023096,0.0,Cc1cc(nc(c1)C(C)(C)C)C(C)(C)C.CO,0.0,1.0
278,339,233,348,355,233,400,408,381,381,382,Perfluorobenzophenone,CB148,853-39-4,361.9789468,O=C(C1=C(F)C(F)=C(F)C(F)=C1F)C2=C(F)C(F)=C(F)C(F)=C2F,CO,Methanol,0.9842749484378025,0.0,O=C(C1=C(F)C(F)=C(F)C(F)=C1F)C2=C(F)C(F)=C(F)C(F)=C2F.CO,0.0,1.0
352,357,330,363,379,389,384,406,316,316,317,Thymol blue,CB111,76-61-9,466.59,Cc1cc(O)c(C(C)C)cc1C1(c2cc(C(C)C)c(O)cc2C)OS(=O)(=O)c2ccccc21,CO,Methanol,0.9951961240223224,0.0,Cc1cc(O)c(C(C)C)cc1C1(c2cc(C(C)C)c(O)cc2C)OS(=O)(=O)c2ccccc21.CO,0.0,1.0
