,diff,y_cv,y_pred,name,container,cas,mw,solute_smiles,solvent_smiles,solvent_name,dm300,dm300_error,GhoseFilter,NdCH2,SdCH2,C1SP2,EState_VSA3,JGI10,Lipinski,PEOE_VSA13,PetitjeanIndex,EState_VSA10,PEOE_VSA12,nAcid,TopoShapeIndex,PEOE_VSA7,SlogP_VSA3,ATSC2s,ATSC2d,n6aHRing,nFAHRing,nFHRing,n6AHRing,n10FAHRing,n10FHRing,nAHRing,nG12FARing,nG12FRing,PEOE_VSA11,naHRing,MATS1are,BCUTd-1h,VSA_EState7,EState_VSA9,SIC2,AATSC2s,IC2,SssssC,GATS4s,BIC2,MATS1se,MATS1pe,SsssN,NsssN,AATSC2d,ATSC3v,GATS4dv,RPCG,ATSC3dv,ATSC7dv,JGI8,ATSC2dv,AATSC1s,PEOE_VSA2,JGI7,n9FRing,n9FARing,CIC2,EState_VSA5,GGI10,MATS4dv,ATSC8pe,MATS2d,PEOE_VSA4,GATS4pe,GATS4are,ATSC4s,ATSC8are,SaaN,AATSC4are,ATSC5p,SdO,ATSC6v,Xpc-4dv,SdssC,ATSC8se,MATS2se,AATSC4dv,NssNH,ATSC7m,JGI2,BCUTc-1l,GATS4se,SMR_VSA3,NaaN,SssNH,MATS2dv,AATSC2dv,SIC3,ATSC5pe,ATSC3pe,Xpc-5dv,AATSC4pe,MATS4m,GATS1are,PEOE_VSA9,Xpc-6dv,C4SP3,NssssC,MATS4Z,MIC2,BIC3,ATSC5se,SMR_VSA4,MID_N,ATSC7d,NdO,ATSC7Z,GATS1pe,IC1,n10FARing,IC3,ATSC8dv,ATS7i,AATSC4se,ATSC0p,MATS3Z,MATS1s,ATSC5s,GATS2s,ATSC7v,nN,GATS4c,RotRatio,MATS3m,Radius,GGI1,ATSC8Z,ETA_shape_y,MATS3pe,nRot,ATSC8m,EState_VSA8,ATSC2Z,SMR_VSA1,EState_VSA2,ATSC1s,MIC1,ATSC2m,NdsCH,SIC1,PEOE_VSA8,VSA_EState8,Xc-5dv,EState_VSA4,ATSC8c,Xc-3dv,FilterItLogS,AATS4s,ATS7se,ATS2m,ATSC0m,ATSC0Z,SsOH,PEOE_VSA6,Xc-6d,ATS7p,ATSC6s,ATSC5are,ATSC6d,BIC1,ETA_shape_x,MID_O,VSA_EState2,ATSC5i,PEOE_VSA10,GATS1d,ATS7pe,ATS0m,GATS2d,nI,NsI,ATS0Z,ATS7are,ATS2Z,AATSC2c,NddsN,ATSC3c,SsI,MATS1v,AETA_beta_ns_d,Xp-3dv,BCUTp-1h,BCUTs-1h,ATS4s,Xc-6dv,BCUTdv-1h,Xch-7dv,MW,Sm,ATS1m,ATSC5d,ZMIC0,MATS4are,TIC2,ATS6p,nO,AATS3p,SMR_VSA9,MATS1dv,ATS0p,ATSC2p,GATS2i,SssCH2,StsC,GGI5,AXp-3dv,ATS4dv,AATSC4i,GATS1se,AATSC0p,Xp-2dv,Xp-4dv,StN,Kier3,GGI8,SZ,SLogP,ATS1Z,GATS2c,BCUTi-1l,MATS3c,ATS7d,MATS4pe,SlogP_VSA11,AATSC0dv,NsOH,ATS4p,ATS8dv,MATS4i,AATSC1dv,AATS4are,MATS3v,ATSC3p,Xc-3d,SlogP_VSA5,AATSC0m,VSA_EState4,ATS6i,AATSC0Z,AATS0p,SpMAD_Dzse,SpMAD_Dzare,SpMAD_Dzv,AATSC3i
0,0.32890284905167405,-0.5857553188115634,-0.5240815064958562,Fluorene,CB78,86-73-7,166.22,c1ccc2c(c1)Cc1ccccc1-2,CCCCCCC,Heptane,-0.39437157266225215,0.028773342,1.0,0.0,0.0,0.0,0.0,0.0,1.0,0.0,0.33333334,0.0,0.0,0.0,0.5,28.674627,6.4208217,-1.3559126,-0.09829868,0.0,0.0,0.0,0.0,0.0,0.0,0.0,1.0,1.0,0.0,0.0,0.06153846,3.2348475,1.1035185,0.0,0.5963166,-0.032283634,2.697475,0.0,1.0067245,0.5444829,0.06153846,0.06153846,0.0,0.0,-0.0023404446,-308.96503,1.1652392,0.10975008,-26.353497,10.480151,0.0,-7.773157,0.002094098,0.0,0.0,0.0,0.0,1.826087,22.253805,0.0,-0.21109405,0.11740548,-0.0043290043,0.0,1.1447964,1.1447964,-0.797259,0.086257085,0.0,-0.004163238,-0.57265353,0.0,0.42557168,0.86405724,0.0,0.0227297,-0.06062271,-0.5810074,0.0,92.22987,0.06349207,-0.33191478,1.1447964,0.0,0.0,0.0,-0.06724228,-0.18507516,0.76932377,-0.06970227,-0.16811909,1.3364644,-0.0056666294,-0.1882353,0.7784615,0.0,1.7121973,0.0,0.0,-0.1882353,23.19722,0.7024517,-0.013494359,0.0,0.0,2.667297,0.0,19.045368,0.7784615,2.175736,0.0,3.4800837,10.00378,2213.159,-0.0010970595,5.688485,-0.105370104,0.010456214,0.40695232,0.9792244,171.50539,0.0,0.94157344,0.0,-0.105370104,4.0,1.5,23.960302,0.30769232,-0.105370104,0.0,116.03113,48.530937,-15.642722,0.0,0.0,0.052352447,16.93061,-75.752075,0.0,0.48097846,0.0,0.0,0.0797589,6.4208217,0.011637637,0.34846172,-3.9667892,2.1176472,89.73504,3272.7043,684.28613,141.30435,0.0,48.530937,0.0,9.793556,-0.58149546,-0.05120983,2.42155,0.4391703,0.0,0.0,0.0,-3.110663,0.0,0.5661538,67.54,1885.5942,1.1794872,0.0,0.0,478.0,66.88,877.0,-0.0006035584,0.0,-0.0040849377,0.0,0.06153846,0.0,2.7058015,2.0146546,2.2688565,108.0,0.0,4.2321754,0.2143754,166.07825,13.839231,2285.0327,-2.1909263,41.51345,-0.1882353,62.041924,27.957836,0.0,1.6384155,11.126903,0.22708791,40.701828,-0.6297286,0.92673993,1.1035185,0.0,0.11833333,0.09019338,129.0,-0.25288954,0.7784615,0.24732544,3.4910707,2.079609,0.0,1.3333334,0.0,14.666667,3.2578,600.0,1.0232855,10.93811,-0.027354289,19.0,-0.1882353,0.0,2.752363,0.0,73.21893,0.0,-0.1882353,0.6250284,5.587647,-0.105370104,-1.3812175,0.60549885,11.126903,29.751572,5.7533336,4188.3574,6.143667,1.7696447,3.9848547,3.9848547,3.9848547,-0.14156218
1,0.45562658892953084,-0.6867752734829827,-0.5356847216900502,2-Methylpyridine,CD8,109-06-8,93.05784922,CC1=NC=CC=C1,CCCCCCC,Heptane,-0.3680097119440455,0.062248805,0.0,0.0,0.0,1.0,0.0,0.0,1.0,0.0,0.25,0.0,0.0,0.0,0.33333334,19.05647,0.0,1.0498866,-2.0,1.0,0.0,0.0,0.0,0.0,0.0,0.0,0.0,0.0,0.0,1.0,0.079082675,3.0498981,1.787037,0.0,0.8215901,0.04772212,3.1280854,0.0,0.99428475,0.76528776,0.059580453,0.083333336,0.0,0.0,-0.09090909,-241.5458,0.98949194,0.19649146,-33.204082,0.0,0.0,-8.67347,-0.013038549,4.9839787,0.0,0.0,0.0,0.6792697,0.0,0.0,-0.24780701,0.0,-0.23140496,0.0,0.9006283,0.80085146,-1.6337868,0.0,3.9791667,-0.009167347,0.4871384,0.0,153.21043,0.1490712,0.0,0.0,0.017934319,-0.76870745,0.0,0.0,0.055555556,-0.38490704,0.66517717,4.9839787,1.0,0.0,-0.1270933,-0.3942486,0.9107951,0.1911,-0.6566,0.12909944,-0.011977778,-0.3223035,0.7543459,0.0,0.0993808,0.0,0.0,-0.32093102,24.642094,0.8483796,0.063547,0.0,1.9670987,0.0,0.0,0.0,0.75446427,2.5566566,0.0,3.46772,0.0,0.0,-0.002570111,3.2523499,-0.35686743,-0.034795765,1.1082766,0.8447944,0.0,1.0,0.611509,0.0,-0.35239226,3.0,1.0,0.0,0.14705883,-0.48550725,0.0,0.0,4.9839787,3.0408163,0.0,0.0,-0.18253969,20.329092,13.427316,0.0,0.6715047,11.890772,1.9722222,0.0,5.693928,0.0,0.12909944,-1.7143934,1.8703704,0.0,1364.273,449.39246,93.42857,0.0,6.066367,0.0,0.0,0.8996599,0.17123419,0.75,0.62548745,0.0,0.0,3.9791667,0.87438554,0.0,0.84415585,0.0,1068.8932,1.4504132,0.0,0.0,272.0,0.0,376.0,-2.531245e-05,0.0,-0.038258657,0.0,-0.05316171,0.0,0.8127754,1.949331,3.0391185,33.666668,0.0,5.033278,0.0248452,93.057846,7.7536426,1142.5464,1.25,24.263447,-0.16293515,43.793194,1.3338387,0.0,1.2664888,0.0,0.34868422,21.05569,-0.4239639,1.2089859,0.0,0.0,0.0,0.10159692,3.0,-0.35229805,0.77858,0.2323107,1.4711188,0.4481392,0.0,1.5,0.0,8.333333,1.39002,306.0,1.0671734,10.994107,-0.23314081,0.0,-0.2037037,0.0,3.1020408,0.0,17.994425,0.0,-0.23013346,1.0816326,5.428,-0.19969885,-0.6370136,0.28867513,5.693928,32.09946,1.0717592,554.7529,6.6734695,1.5039779,2.393942,2.3569775,2.685228,0.15217446
2,0.3956635235483256,-0.40603008198609725,-0.25319716368737083,4-Iodotoluene,CB87,624-31-7,218.03,Cc1ccc(I)cc1,CCCCCCC,Heptane,-0.4189672037901847,0.051770522,0.0,0.0,0.0,0.0,0.0,0.0,1.0,0.0,0.4,0.0,0.0,0.0,0.6666667,41.647343,0.0,0.26922596,-3.44,0.0,0.0,0.0,0.0,0.0,0.0,0.0,0.0,0.0,0.0,0.0,2.103723e-15,3.0574288,0.0,0.0,0.78235227,0.011217748,3.0565648,0.0,1.1435411,0.7330023,8.867613e-15,1.4791922e-15,0.0,0.0,-0.14333333,-620.2799,0.86210185,0.18172134,-21.887697,0.0,0.0,-12.340794,-0.0295414,0.0,0.0,0.0,0.0,0.8503258,9.133634,0.0,-0.097635396,0.0,-0.27801725,0.0,1.1013805,1.0188848,-1.1118128,0.0,0.0,-0.002888722,5.2199,0.0,-478.83243,0.68040013,0.0,0.0,0.06479343,-0.2550694,0.0,0.0,0.08888889,-0.31630796,1.0998006,0.0,0.0,0.0,-0.19682522,-0.51419973,0.91886324,0.251792,-0.307488,0.53661466,-0.004144,-0.064669274,0.99986,0.0,0.8807792,0.0,0.0,-0.065132245,55.93265,0.8609023,0.046272587,0.0,0.0,0.0,0.0,0.0,0.80429155,2.5232315,0.0,3.589898,0.0,0.0,-0.00078732887,19.842573,-0.108827494,-0.13871913,0.8988006,0.8635056,0.0,0.0,1.1621146,0.0,-0.10604607,3.0,2.0,0.0,0.19444445,-0.33856562,0.0,0.0,53.780075,83.16,0.0,0.0,-0.443121,49.526787,408.29153,0.0,0.64584136,3.5701823,2.0933332,0.0,0.0,0.0,0.58924377,-3.1360145,1.6288024,0.0,4338.8384,13952.35,2374.4,0.0,17.696186,0.0,0.0,0.50737673,0.070238665,0.85333335,0.60510236,0.0,0.0,0.0,11.406576,0.0,0.9655172,0.0,17121.705,1.5086207,1.0,1.0,3068.0,0.0,993.0,-8.362794e-05,0.0,-0.01671258,2.2964666,-3.1807387e-17,0.0625,1.7300544,5.353303,2.237471,39.09126,0.0,4.055145,0.0982073,217.95924,18.153149,2618.8481,0.21333334,38.947063,-0.1300081,45.848473,10.702027,0.0,2.1353378,0.0,0.2545816,51.25709,2.0507202,0.7865046,0.0,0.0,0.0,0.17300545,4.6222224,-0.18605796,0.8284201,1.3228382,3.0412004,0.892805,0.0,1.8,0.0,17.0,2.59962,612.0,0.92924863,10.435596,-0.2575372,0.0,-0.123196445,0.0,2.6124685,0.0,35.77752,0.0,-0.12248037,0.66508645,5.259125,-0.30212712,-5.6680427,0.57735026,5.5634513,930.1567,1.3244593,426.36258,158.29333,3.4171393,2.994089,3.0758965,2.8145504,-0.51109153
3,0.05874482248416118,-0.7333967167816431,-0.8306876962422282,"4,4'-Difluorobenzophenone",CO28,345-92-6,218.0,O=C(C1=CC=C(F)C=C1)C2=CC=C(F)C=C2,CCCCCCC,Heptane,-0.8825318745492371,0.083466262,1.0,0.0,0.0,0.0,11.126903,0.0,1.0,0.0,0.5,13.575367,0.0,0.0,1.0,48.530937,0.0,0.030092593,-6.0625,0.0,0.0,0.0,0.0,0.0,0.0,0.0,0.0,0.0,5.783245,0.0,0.0008053691,3.1733909,0.0,0.0,0.6546682,0.00077160494,3.001629,0.0,1.3464046,0.6003258,0.0020072719,0.00025825726,0.0,0.0,-0.15544872,-238.31573,1.3551629,0.19300258,-49.77778,43.11111,0.009876544,-13.333333,-0.17330247,4.794537,0.021701388,0.0,0.0,1.5833334,48.530937,0.0,-0.3173936,-1.7165303,-0.25729442,0.0,1.2583858,1.2380178,-48.614197,-2.064375,0.0,-0.070738636,0.20779452,11.823998,-264.5153,0.60715455,-0.25,-1.225511,-0.011580414,-1.5252526,0.0,389.36627,0.096618354,-0.37754795,1.2712597,0.0,0.0,0.0,-0.07114273,-0.34188035,0.80007106,-0.69481075,-1.5840746,0.67361623,-0.06516327,-0.27109283,0.46926174,0.0,0.77740806,0.0,0.0,-0.27306524,33.088665,0.73365915,-0.57057,0.0,0.0,-0.25,1.0,79.111115,0.46296996,2.3349626,0.0,3.6682959,-24.444445,4608.733,-0.040223274,6.1304083,-0.11182156,-0.04025811,-22.881172,0.6101452,131.09125,0.0,1.2434478,0.11764706,-0.117746726,5.0,3.5,-4.4444447,0.3376206,-0.13054897,2.0,-29.134811,0.0,-16.0,13.575367,5.783245,-4.3325615,25.081333,-76.69642,0.0,0.50926536,11.126903,0.0,0.034020692,0.0,0.033169415,0.34368587,-4.217734,4.792929,213.25735,3943.2908,877.556,179.33333,0.0,0.0,0.0,31.795795,60.54321,-0.79875,0.0,0.4669925,0.0,1.7870629,11.823998,-5.171843,11.634441,0.88827586,172.646,2861.4087,1.3015031,0.0,0.0,702.0,170.72,1020.0,-0.0007613608,0.0,0.110948734,0.0,0.029371861,0.0625,2.2128208,1.9964228,8.002957,210.88889,0.0,7.005138,0.048775803,218.05432,18.166914,2765.0981,-0.875,48.503418,-0.25320318,72.0391,44.660168,1.0,1.4731535,0.0,0.13687861,41.076305,-1.9319805,0.9373667,0.0,0.0,0.3611111,0.079029314,244.0,0.11233275,0.48308364,0.25543368,3.3429103,1.3691933,0.0,3.25,0.049382716,18.666666,3.1958,708.0,0.82140136,10.947248,0.18872991,68.0,-0.26851633,0.0,4.8055553,0.0,58.326588,100.0,0.0342134,0.6577778,6.641818,-0.10219475,-1.3825921,1.1031337,15.92144,36.564835,0.76482993,5070.887,7.4722223,1.7115127,5.5452867,5.4964585,6.185478,-0.1904483
4,0.08487820435862069,0.14049807042889806,-0.07590573581555848,"1,3,5-tribromobenzene",CB118,626-39-1,314.8,Brc1cc(Br)cc(Br)c1,CCCCCCC,Heptane,-0.08294604737543007,0.023186209,0.0,0.0,0.0,0.0,0.0,0.0,1.0,0.0,0.25,0.0,0.0,0.0,0.33333334,18.1991,0.0,-0.73074204,-1.875,0.0,0.0,0.0,0.0,0.0,0.0,0.0,0.0,0.0,0.0,0.0,9.459978000000001e-17,3.0912693,0.0,0.0,0.5578859,-0.04059678,2.0,0.0,0.8647056,0.51191604,-3.0995146e-16,4.9899996e-19,0.0,0.0,-0.104166664,-673.53534,0.90609384,0.25542796,-8.592592,0.0,0.0,-16.316872,-0.016589506,0.0,0.0,0.0,0.0,1.5849625,0.0,0.0,-0.008073818,0.0,-0.15151516,0.0,0.4597572,0.4611452,0.038708847,0.0,0.0,0.03645,-4.2331367,0.0,0.0,0.9819805,0.0,0.0,-0.038197756,-0.024005488,0.0,0.0,0.055555556,-0.29893637,0.51085526,0.0,0.0,0.0,-0.30488274,-0.9064929,0.5578859,-0.432525,-0.867075,2.7410133,0.0722,0.7936664,0.4611452,0.0,2.087963,0.0,0.0,0.80055404,52.467,0.51191604,-0.27576655,0.0,0.0,0.0,0.0,0.0,0.4597572,2.0,0.0,2.0,0.0,0.0,0.049141124,8.625993,-0.48595172,-0.094914004,0.47796103,1.1529409,0.0,0.0,0.12809585,0.0,-0.4829999,3.0,3.0,0.0,0.21428572,-0.57009715,0.0,0.0,47.789833,-216.0,0.0,0.0,-0.19907407,52.467,-1213.677,0.0,0.5578859,13.418159,0.0,0.0,13.418159,0.0,0.9819805,-4.4811163,1.4825317,0.0,6696.589,11764.223,2166.0,0.0,47.789833,0.0,0.0,0.0,-0.218025,0.0,0.51191604,0.0,0.0,0.0,-0.82091314,0.0,1.1666666,0.0,20022.58,1.1111112,0.0,0.0,3894.0,0.0,1512.0,0.0012469707,0.0,-0.04072607,0.0,3.702147e-17,0.16666667,2.2008402,3.0615883,2.1826007,17.79038,0.0,4.088699,0.14173667,311.77847,26.209475,3781.087,1.6875,72.0,0.993865,24.0,0.0,0.0,2.752918,0.0,-0.031141868,45.97474,-0.053239863,0.9579778,0.0,0.0,0.0,0.18340334,2.5349793,0.39811882,0.51085526,0.71883273,4.334693,2.92151,0.0,2.0,0.0,24.0,3.9741,864.0,0.17079446,10.954316,-0.93737596,0.0,0.99689335,0.0,2.973251,0.0,47.862473,0.0,0.43240002,-0.09259259,6.1744,-0.53475463,-8.546133,0.8660254,0.0,980.35187,0.0,0.0,180.5,3.8312283,3.0965152,3.1770055,2.9922428,-0.30215362
5,0.28571928394708623,-0.5612479192894773,-1.0600361522364885,Biphenyl,N53,92-52-4,154.21,c1ccc(-c2ccccc2)cc1,CCCCCCC,Heptane,-1.4840609978863846,0.057132544,0.0,0.0,0.0,0.0,0.0,0.0,1.0,0.0,0.42857143,0.0,0.0,0.0,0.75,11.126903,0.0,-1.8402203,-2.1487603,0.0,0.0,0.0,0.0,0.0,0.0,0.0,0.0,0.0,0.0,0.0,0.036231883,3.141028,0.0,0.0,0.44215214,-0.051117234,1.9717473,0.0,0.98175,0.40587792,0.036231883,0.036231883,0.0,0.0,-0.059687786,-152.56569,1.1270565,0.10061439,-12.396694,7.9008265,0.0,-14.776859,-0.013055456,0.0,0.0,0.0,0.0,2.4876842,11.126903,0.0,-0.15725806,0.08504132,-0.14444445,0.0,1.05875,1.05875,-0.3140496,0.06247934,0.0,-0.0022685952,-0.4325129,0.0,-171.17125,0.38490018,0.0,0.016464,-0.18518518,-0.40289256,0.0,73.039825,0.055555556,-0.3252434,1.05875,0.0,0.0,0.0,-0.16021505,-0.4104683,0.678824,-0.05264463,-0.08301653,0.5,-0.00308781,-0.10166667,0.8369565,0.0,0.57735026,0.0,0.0,-0.10166667,17.993587,0.6231332,-0.010192,0.0,0.0,1.5206611,0.0,15.082644,0.8369565,1.3485879,0.0,3.0271692,7.53719,2831.116,-0.0005978,5.489587,-0.05942029,-0.056869566,-0.14876033,1.078,135.82066,0.0,0.95027155,0.07692308,-0.05942029,4.0,1.0,17.355371,0.16666667,-0.05942029,1.0,84.04582,48.530937,-41.322315,0.0,0.0,-0.30027547,10.508821,-200.1091,0.0,0.3024125,0.0,0.0,0.027777778,0.0,0.0077656843,0.16666667,-3.3843145,2.2166667,118.22929,2550.3677,660.36005,136.36363,0.0,60.66367,0.0,15.254158,-0.93296605,-0.038677685,0.0661157,0.27760255,0.0,0.0,0.0,-2.349417,0.0,0.70304346,90.1025,1741.3301,1.2833333,0.0,0.0,442.0,88.97,696.0,-0.0008045806,0.0,-0.0042108367,0.0,0.036231883,0.0,1.8809115,2.0017357,2.2873704,88.666664,0.0,4.141028,0.032075014,154.07825,12.839231,1996.5044,-1.1404959,39.513256,-0.10166667,43.37844,32.529213,0.0,1.5070993,11.126903,0.13085555,37.91293,-1.6635112,1.0694444,0.0,0.0,0.1388889,0.09404557,96.0,-0.13780235,0.8369565,0.24952668,2.732051,1.2612059,0.0,2.25,0.0,13.666667,3.3536,528.0,1.0925791,10.93811,-0.027007297,28.0,-0.10166667,0.0,2.5619836,0.0,55.94388,0.0,-0.10166667,0.33524972,5.5555,-0.05942029,-0.6820396,0.33333334,0.0,30.016365,2.552037,4436.4795,6.198347,1.723315,4.090062,4.090062,4.090062,-0.08054022
6,0.27682508871134387,-1.135775233965166,-0.963746073016906,m-Cresol GPR RECTAPURÔøΩ,"CM23, Y1, Y10",108-39-4,108.0575149,CC1=CC(O)=CC=C1,CCCCCCC,Heptane,-0.7547988221233827,0.028426819,0.0,0.0,0.0,0.0,5.7495117,0.0,1.0,0.0,0.25,0.0,0.0,0.0,0.33333334,24.619923,0.0,3.8211806,-2.75,0.0,0.0,0.0,0.0,0.0,0.0,0.0,0.0,0.0,0.0,0.0,-0.13302034,3.0713708,0.0,5.1065273,0.8007049,0.15284722,3.2028196,0.0,0.7811144,0.7539723,-0.12052527,-0.13292992,0.0,0.0,-0.11,-596.29004,1.0351967,0.39081636,-23.921875,0.0,0.0,-6.484375,-0.2847222,0.0,0.0,0.0,0.0,0.7971805,0.0,0.0,-0.113871634,0.0,-0.22,0.0,0.8177994,0.8148893,3.7986112,0.0,0.0,0.007924107,0.06720704,0.0,356.38675,0.25985932,0.0,0.0,0.03940526,-0.36830357,0.0,0.0,0.06666667,-0.30519137,0.8201025,0.0,0.0,0.0,-0.08019324,-0.259375,0.9257049,-0.83039415,-0.54251367,0.29419455,0.0089149,0.044865247,0.97417843,0.0,0.22535123,0.0,0.0,0.04866562,26.231441,0.87167674,-0.42341906,0.0,0.0,0.0,0.0,0.0,0.96755785,2.7028196,0.0,3.7028196,0.0,0.0,0.0026935982,3.8612485,-0.35126942,-0.19927096,-10.890625,0.5219927,0.0,0.0,0.8225117,0.0,-0.35438737,3.0,2.0,0.0,0.26086956,-0.19384697,0.0,0.0,0.0,11.765625,5.1065273,0.0,-4.5555553,20.225943,54.514103,0.0,0.6757049,0.0,1.9441667,0.0,5.5634513,0.0,0.24120227,-1.5377463,2.4642856,0.0,1686.7742,543.05414,113.75,8.813056,12.132734,0.0,0.0,3.5121527,-0.8101562,1.75,0.6362678,0.0,1.7469124,0.0,1.4051116,5.7495117,0.9375,0.0,1273.9453,1.575,0.0,0.0,324.0,0.0,459.0,0.001763867,0.0,-0.043652665,0.0,0.049576346,0.0625,1.0016564,1.9827225,6.0028033,69.0,0.0,5.0122685,0.04020038,108.05752,9.003413,1302.8894,1.75,27.914854,0.07936508,51.245113,3.1122904,1.0,1.331922,5.7495117,0.23188406,23.722406,-0.25881118,1.0672264,0.0,0.0,0.0,0.10016564,23.0,-0.21239473,0.9854426,0.24132803,1.8390034,0.6279703,0.0,1.8,0.0,9.666667,1.70062,350.0,0.51843566,10.953277,-0.062136725,0.0,0.09237677,5.7495117,3.234375,1.0,25.369165,0.0,-0.15757424,0.75,5.578214,-0.3894539,-2.5985541,0.57735026,5.5634513,33.940884,1.087963,1294.4236,7.109375,1.4826504,2.815673,2.7973301,3.1704433,-0.48521692
7,0.4419220618779812,-0.6612148220910076,-0.2235495804080756,4-Iodoanisole,CC26,696-62-8,234.03,COc1ccc(I)cc1,CCCCCCC,Heptane,-0.1550358277457252,0.065391465,0.0,0.0,0.0,0.0,0.0,0.0,1.0,0.0,0.5,0.0,0.0,0.0,1.0,46.85634,0.0,-1.6357279,-2.0273438,0.0,0.0,0.0,0.0,0.0,0.0,0.0,0.0,0.0,0.0,0.0,0.054523703,3.0594153,0.0,4.736863,0.8007049,-0.065429114,3.2028196,0.0,1.3322192,0.7539723,0.007908132,0.052706383,0.0,0.0,-0.08109375,-350.30573,1.1038406,0.17695655,-25.739182,7.849653,0.0,-16.761166,-0.00628559,0.0,0.0,0.0,0.0,0.7971805,3.5701823,0.0,-0.23216987,0.0,-0.16346456,0.0,1.2859831,1.1862489,-3.3634257,0.0,0.0,-0.018916655,0.50770444,0.0,415.0892,0.63455886,0.0,0.0,-0.21285234,-0.85518587,0.0,-4587.4033,0.08080808,-0.5293441,1.1824675,0.0,0.0,0.0,-0.18201599,-0.67044663,0.9257049,0.55510706,-0.4816211,0.52536565,-0.0289462,-0.13450232,0.79846823,7.1097975,0.58824795,0.0,0.0,-0.14212736,57.70544,0.87167674,0.19635253,0.0,0.0,0.94921875,0.0,-812.9531,0.75163263,2.7028196,0.0,3.7028196,0.0,426.36258,-0.011031541,20.232801,-0.1317074,-0.013899922,-0.503542,1.3054839,-479.42148,0.0,1.1795208,0.11111111,-0.12758796,3.0,2.0,0.0,0.1826087,-0.19367668,1.0,0.0,22.59087,47.515625,4.736863,0.0,-0.10056944,51.699944,238.70331,0.0,0.6757049,3.5701823,0.0,0.0,5.7495117,0.0,0.4906185,-2.876554,2.2996027,21.601728,4590.962,13954.357,2375.75,0.0,0.0,0.0,10.702027,1.415353,0.0020320313,-0.2109375,0.6362678,0.0,1.8821734,0.0,-0.17220098,5.7495117,0.8267717,17.556,17377.674,1.2472441,1.0,1.0,3132.0,14.586,1059.0,-0.0021622933,0.0,0.01618997,2.2572489,-0.031825513,0.11111111,1.7685062,5.3533034,3.5135384,50.59126,0.0,6.007451,0.08176975,233.95416,19.485178,2858.9119,0.6328125,40.81733,-0.1899568,51.245113,14.94281,1.0,2.1474853,5.7495117,0.22835821,51.900295,3.6696355,0.6899377,0.0,0.0,0.11805555,0.14737551,30.622223,-0.53657544,0.8595625,1.2645501,2.9036765,0.93026245,0.0,2.0,0.0,18.333334,2.2998,672.0,1.495928,10.435596,0.032773204,3.0,-0.30264726,5.7495117,3.683449,0.0,38.307617,0.0,-0.3515484,0.8411458,5.7990456,-0.18898524,-3.884697,0.49279928,0.0,872.14734,0.0,1686.5579,148.48438,3.2437685,3.326325,3.348482,4.0013003,-0.22713494
8,0.24672860708999939,-0.29526956435194296,-0.6160643320642605,"2,6-Lutidine",CC50,108-48-5,107.0,CC1=NC(C)=CC=C1,CCCCCCC,Heptane,-0.8178517568340294,0.044551593,0.0,0.0,0.0,0.0,0.0,0.0,1.0,0.0,0.25,0.0,0.0,0.0,0.33333334,25.98021,0.0,3.8196847,-1.6228374,1.0,0.0,0.0,0.0,0.0,0.0,0.0,0.0,0.0,0.0,1.0,0.082276165,3.0713708,0.0,0.0,0.708367,0.13641731,2.895424,0.0,0.79412746,0.669938,0.06821074,0.08276291,0.0,0.0,-0.057958476,-319.71713,1.2336761,0.14479345,-50.14187,0.0,0.0,-1.6643598,-0.04921184,4.9839787,0.0,0.0,0.0,1.192039,0.0,0.0,-0.40803444,0.0,-0.119642854,0.0,0.8525663,0.74990284,-0.9696271,0.0,4.173611,-0.007813149,-2.312805,0.0,687.0513,0.27817065,0.0,0.0,0.20520715,-1.2509291,0.0,0.0,0.06666667,-0.39334682,0.6065534,4.9839787,1.0,0.0,-0.019388907,-0.059441425,0.86314285,-0.19922145,-1.0413094,0.36423695,-0.010147892,-0.2687207,0.79141253,0.0,0.283936,0.0,0.0,-0.26796472,24.562904,0.8163172,-0.01774173,0.0,1.9624485,0.0,0.0,0.0,0.80398256,2.4980776,0.0,3.5280643,0.0,0.0,-0.0022027204,3.9628263,-0.434092,-0.14414415,-2.0569012,0.5797941,0.0,1.0,0.54298335,0.0,-0.4273842,3.0,2.0,0.0,0.25641027,-0.65892756,0.0,0.0,4.9839787,37.33564,0.0,0.0,-0.8366013,19.790379,176.90245,0.0,0.61115605,11.387856,3.9861112,0.0,11.387856,0.0,0.2581989,-2.2773392,1.9012346,0.0,1689.9185,539.75366,112.117645,0.0,6.066367,0.0,0.0,3.604383,-0.1233218,3.3217993,0.5780007,0.0,0.0,4.173611,-13.234175,0.0,0.85714287,0.0,1215.1895,1.4571428,0.0,0.0,310.0,0.0,462.0,0.0013281904,0.0,-0.06866079,0.0,-0.04570081,0.0,1.0275608,1.9549744,3.0339396,51.333332,0.0,5.0438204,0.04303315,107.0735,8.921489,1311.0247,1.6055363,28.193209,-0.15301836,49.222206,6.6691937,0.0,1.3341358,0.0,0.50790066,24.733816,0.08325526,1.2329755,0.0,0.0,0.0,0.10275608,7.0,-0.26649988,0.798422,0.23310742,1.9203496,0.6793352,0.0,1.8,0.0,9.666667,1.69844,354.0,0.84071267,10.990012,-0.42465523,0.0,-0.18622231,0.0,3.065744,0.0,30.029171,0.0,-0.18023649,1.5570934,5.458667,-0.20877858,-0.6582219,0.57735026,11.387856,31.750217,2.175926,2773.765,6.5951557,1.4549303,2.8088825,2.7678914,3.1419597,0.31354678
9,0.21590585494577,-0.7482596397347976,-0.849249807334093,p-Anisidine,CQ24,104-94-9,123.0684139,NC1=CC=C(OC)C=C1,CCCCCCC,Heptane,-1.083096733588486,0.045834519,0.0,0.0,0.0,0.0,0.0,0.0,1.0,0.0,0.5,0.0,0.0,0.0,1.0,24.265469,0.0,0.2755487,-2.5,0.0,0.0,0.0,0.0,0.0,0.0,0.0,0.0,0.0,0.0,0.0,-0.100610204,3.0594153,0.0,10.4705305,0.8034219,0.009841025,3.350209,0.0,1.1729352,0.76274294,-0.10897907,-0.08115506,0.0,0.0,-0.08928572,-402.20468,1.0226562,0.15584844,-36.0,-4.4444447,0.0,-13.222222,-0.2077332,0.0,0.0,0.0,0.0,0.819716,0.0,0.0,-0.184375,0.38001665,-0.18907563,0.0,1.0807317,1.0513594,-6.2397118,0.3376463,0.0,-0.019691728,0.016720934,0.0,112.31958,0.2577199,0.0,0.13923267,-0.16655017,-0.65555555,0.0,-185.71358,0.08080808,-0.52932936,1.0031396,0.0,0.0,0.0,-0.1328125,-0.4722222,0.9100052,1.1037,-0.6797,0.22816215,-0.021171667,-0.31589764,1.0224124,7.1097975,0.21683605,0.0,0.0,-0.31363636,27.70412,0.8639297,0.684976,0.0,1.7533345,1.25,0.0,-39.11111,0.98579836,2.9057646,0.0,3.7946534,16.666666,899.16846,-0.0092234,4.0497413,-0.2590909,-0.2798891,7.6918726,0.87421,-176.4959,1.0,1.0389291,0.11111111,-0.2600121,3.0,2.0,42.666668,0.23622048,-0.20800245,1.0,204.20944,0.0,5.4444447,4.736863,0.0,-3.7391975,22.3659,30.088287,0.0,0.69683856,5.6873865,0.0,0.0,11.436898,0.06266861,0.16426642,-1.5149521,2.45,39.071808,1904.1691,628.5378,132.0,0.0,0.0,0.0,4.4275055,0.95473254,1.2028129,-1.0,0.6615561,0.0,1.8821734,0.0,-0.12587221,5.7495117,0.7777778,31.284,1471.1575,1.4642857,0.0,0.0,374.0,31.262,520.0,0.00029169823,0.0,-0.04284427,0.0,0.02343418,0.11111111,1.1158019,1.9773026,4.005246,73.5,0.0,6.007451,0.027377738,123.06841,10.253517,1531.1385,-0.5,30.23025,-0.17173342,60.303764,8.914846,1.0,1.347535,5.7495117,0.25520834,25.37702,0.6687031,1.0204276,0.0,0.0,0.11805555,0.0929835,42.0,-0.363195,1.0448426,0.22498563,1.7731597,0.6039104,0.0,2.0,0.0,11.0,1.2774,410.0,1.0743507,10.960115,-0.050472688,5.0,-0.19436921,5.7495117,3.5555556,0.0,31.775007,0.0,-0.25194094,0.9074074,5.8291,-0.26724818,-1.7198868,0.49279928,0.0,34.918766,6.1858163,2102.9004,7.3333335,1.4098345,3.2657876,3.1982832,4.340371,-0.33081007
10,0.17719976058666567,-0.5659459564732378,-0.38643234039111773,Triptycene,CB109,477-75-8,254.0,C1=CC=C2C3C4=CC=CC=C4C(C2=C1)C5=CC=CC=C35,CCCCCCC,Heptane,-0.32826403243450925,0.056836236,1.0,0.0,0.0,0.0,11.835813,0.0,1.0,0.0,0.42857143,0.0,0.0,0.0,0.75,33.38071,0.0,-3.3564014,6.2906575,0.0,0.0,0.0,0.0,0.0,0.0,0.0,1.0,1.0,0.0,0.0,0.07368421,3.282653,0.0,0.0,0.45917296,-0.050854567,2.3360252,0.0,0.82414836,0.42055774,0.07368421,0.07368421,0.0,0.0,0.09531299,-62.319008,1.0760319,0.06882833,-4.7439446,0.5605536,0.0,-6.83045,-0.0010218741,0.0,0.0,0.0,0.0,2.7514374,33.38071,0.0,-0.098741755,0.4069204,0.15474975,0.0,1.0222303,1.0222303,1.1434064,0.29896194,0.0,-0.0017032695,-1.0099068,0.0,-995.54614,1.8325318,0.0,0.078779794,-0.07272727,-0.27265024,0.0,-178.45717,0.055555556,-0.34534127,1.0222303,0.0,0.0,0.0,-0.037480064,-0.103491664,0.52854764,-0.12292387,-0.033910036,3.2569706,-0.0023183392,-0.07813411,0.73815787,0.0,5.506236,0.0,0.0,-0.07813411,19.577623,0.4840982,-0.023798062,0.0,0.0,7.1626296,0.0,-36.85121,0.73815787,1.9830842,0.0,2.6889665,43.16263,9601.695,-0.00044883045,8.2882,-0.01255887,-0.0051710014,3.489427,1.0418288,-331.84872,0.0,0.7660755,0.0,-0.01255887,4.0,1.5,83.04498,0.4,-0.01255887,0.0,402.15698,72.7964,-29.065744,0.0,0.0,-0.03883122,15.338447,-140.75494,0.0,0.38979825,11.835813,0.0,0.20833333,0.0,0.023770869,0.6443376,-5.7017965,2.2108843,422.4102,5556.721,997.0142,205.88235,0.0,72.7964,0.0,64.82403,-2.4728951,-0.090311415,-8.159169,0.35701728,0.0,0.0,0.0,-5.4858294,0.0,0.5391041,328.095,2899.5073,1.002809,0.0,0.0,734.0,322.62,1476.0,-0.00086246745,0.0,-0.018730389,0.0,0.07368421,0.0,4.854059,2.0252864,2.2724295,216.66667,0.0,4.200436,0.30306262,254.10954,21.174923,3631.8381,-17.778547,61.41719,-0.07813411,79.42486,108.98568,0.0,1.7838063,0.0,0.19242184,62.002583,-1.1700988,0.91071427,0.0,0.0,0.33333334,0.08515894,396.0,-0.10346251,0.73815787,0.24377058,5.7527766,4.115224,0.0,1.6952908,0.0,22.333334,4.6738,948.0,1.0959811,10.921969,-0.0682983,114.0,-0.07813411,0.0,2.7612457,0.0,161.41296,0.0,-0.07813411,0.53132397,5.694694,-0.01255887,-0.27859497,1.0387188,45.216522,29.323946,8.971666,11851.192,6.055363,1.8236053,5.4234166,5.4234166,5.4234166,-0.016630024
11,0.2831805586303502,-0.9220412306686014,-0.8007092558815949,Diphenylamine,CQ1,122-39-4,169.0891494,C1(NC2=CC=CC=C2)=CC=CC=C1,CCCCCCC,Heptane,-0.6240035749421432,0.054955785,1.0,0.0,0.0,0.0,0.0,0.0,1.0,0.0,0.5,0.0,0.0,0.0,1.0,24.265469,0.0,-0.61270255,-3.265625,0.0,0.0,0.0,0.0,0.0,0.0,0.0,0.0,0.0,0.0,0.0,-0.027132137,3.0640807,0.0,0.0,0.5026399,-0.015710322,2.3045852,0.0,1.0248269,0.4651784,-0.047842138,-0.012631579,0.0,0.0,-0.083733976,-349.92606,1.110289,0.19028294,-16.375,-4.25,0.0,-18.5625,-0.0308777,0.0,0.012152778,0.0,0.0,2.2803774,0.0,0.0,-0.048625793,0.1372,-0.20879121,0.0,1.2884768,1.3785338,-0.03260031,0.120964065,0.0,-0.0048955968,1.0704788,0.0,-232.0786,0.27578342,0.0,0.043664783,0.034513213,-0.13068181,1.0,-89.01399,0.026143791,-0.3180153,1.5000645,0.0,0.0,3.3038888,-0.17710197,-0.47596154,0.7136493,-0.1274,-0.3332,0.35911676,-0.0044545457,-0.0026506074,1.0564731,0.0,0.39218894,0.0,0.0,-0.0044130627,20.169188,0.66046137,-0.06594243,0.0,2.0540817,-0.0625,0.0,-18.25,0.99263155,1.7333558,0.0,3.2720551,8.5625,4436.4795,-0.0022956068,5.783798,-0.13631068,-0.11806749,0.33960262,0.9448077,-195.17845,1.0,1.4666474,0.14285715,-0.13610823,4.0,1.5,16.0625,0.15625,-0.1431579,2.0,76.97008,5.3167887,-41.0625,0.0,0.0,-0.7719425,13.308151,-201.60342,0.0,0.37805232,11.374773,0.0,0.0,11.374773,0.004978044,0.16666667,-3.445545,2.1666667,197.79189,2814.7417,745.30145,154.5,0.0,36.3982,0.0,32.529213,-0.6743827,-0.14439687,-2.0,0.34987628,0.0,0.0,0.0,10.366791,0.0,0.8124675,154.49,1938.5422,1.3479854,0.0,0.0,492.0,151.72,768.0,0.00087202294,0.0,-0.04261591,0.0,0.040239327,0.03846154,1.8362533,1.9834571,2.5268333,95.333336,0.0,4.163947,0.032075014,169.08914,14.0893345,2202.8354,-0.96875,43.011833,-0.11698397,55.310043,45.022675,0.0,1.369057,0.0,0.12,39.567543,-2.655664,1.3426958,0.0,0.0,0.013888889,0.09181266,108.0,0.15394069,1.1601325,0.24099159,2.857051,1.2096391,0.0,3.0,0.0,15.0,3.4302,583.0,0.92094547,10.960369,-0.09084278,56.0,-0.09569378,0.0,2.6875,0.0,54.29824,9.0,0.10311937,0.3225,5.669227,-0.12953702,-1.5196855,0.4082483,0.0,31.054228,2.2383332,4880.0664,6.4375,1.6486475,4.653859,4.564999,5.570956,-0.17197002
12,0.1257737720754908,-0.5817227401911157,-0.32808616193630685,"alpha, alpha-Dipyridyl",CA113,75216-45-4,156.1,C1(C2=NC=CC=C2)=CC=CC=N1,CCCCCCC,Heptane,-0.2914316979791091,0.0509636,0.0,0.0,0.0,2.0,0.0,0.0,1.0,0.0,0.42857143,0.0,0.0,0.0,0.75,24.265469,0.0,-2.2222223,-0.92,2.0,0.0,0.0,0.0,0.0,0.0,0.0,0.0,0.0,0.0,2.0,0.05593528,3.141028,3.5357409,0.0,0.797431,-0.06944445,3.4464393,0.0,1.1435186,0.7248204,0.024944525,0.07169893,0.0,0.0,-0.02875,30.427555,1.289767,0.11323168,-5.42,12.15,0.0,-7.88,-0.01058201,9.9679575,0.0,0.0,0.0,0.87548876,0.0,0.0,-0.25227964,0.221186,-0.07012195,0.0,1.2848852,1.3269168,-0.8888889,0.194814,8.372963,-0.012375,-0.2052145,0.0,-230.86746,0.28134182,0.0,0.07068544,-0.11756829,-0.83,0.0,66.5936,0.055555556,-0.38337648,1.3721657,9.9679575,2.0,0.0,-0.074848026,-0.24625,0.9768622,-0.480935,0.094178,0.35819888,-0.011841667,-0.12448863,0.7080087,11.387856,0.40241206,0.0,0.0,-0.12583461,31.768873,0.88791335,-0.2043496,0.0,4.0570846,1.35,0.0,14.15,0.67805773,2.2464395,0.0,4.221928,13.86,2461.2808,-0.00581728,4.500732,0.00883951,-0.026455026,-2.4444444,1.0802951,33.98365,2.0,1.1794499,0.07692308,0.008713065,4.0,1.0,26.66,0.1724138,0.038288377,1.0,127.882645,9.9679575,-31.28,0.0,0.0,-0.22222222,21.82697,-151.60594,0.0,0.5197771,12.393687,0.0,0.016666668,11.387856,0.013117114,0.12909944,-2.943838,2.8222222,104.79236,2649.8071,623.42725,129.8,0.0,12.132734,0.0,14.364932,-2.2222223,-0.477315,-0.62,0.47244847,0.0,0.0,8.372963,3.0292492,0.0,0.6620209,80.4225,1843.1619,1.086128,0.0,0.0,466.0,79.29,710.0,-0.0024098572,0.0,0.08036054,0.0,-0.021310644,0.0,1.5922174,1.9658455,3.0419118,84.666664,0.0,5.037035,0.0248452,156.06874,13.003747,2068.186,-2.15,38.88087,-0.19179802,68.92879,27.763529,0.0,1.4434023,11.387856,0.18830511,33.865902,-1.5814137,1.2717947,0.0,0.0,0.1388889,0.07961087,120.0,-0.12029078,0.7668911,0.22503659,2.4299557,1.028549,0.0,2.25,0.0,13.666667,2.1436,540.0,1.3245592,10.984435,0.21328442,26.0,-0.18294221,0.0,3.29,0.0,42.156273,0.0,-0.072277576,0.6195238,6.0192,0.015923858,0.22684906,0.33333334,0.0,31.171362,1.8298148,3479.6008,6.49,1.6932951,3.8706112,3.8017797,4.386689,0.12674443
13,0.16615209851650947,-0.7762332353420729,-0.559833892109074,"1-Bromo-4-methoxy-2,5-dimethylbenzene",CA57,58106-25-5,213.9993271,CC1=C(OC)C=C(C)C(Br)=C1,CCCCCCC,Heptane,-0.48006936043870463,0.006773639,1.0,0.0,0.0,0.0,0.0,0.0,1.0,0.0,0.5,0.0,0.0,0.0,1.0,37.107113,0.0,0.78235304,-1.25,0.0,0.0,0.0,0.0,0.0,0.0,0.0,0.0,0.0,0.0,0.0,0.05048574,3.1968212,0.0,4.736863,0.7526727,0.021144677,3.3564925,0.0,1.3849086,0.7227813,0.009902044,0.051268555,0.0,0.0,-0.033783782,-449.90677,1.3841584,0.16904111,-41.442665,41.2915,0.0,1.2246937,-0.026824431,0.0,0.0,0.0,0.0,1.1029392,5.5634513,0.0,-0.37153673,0.0,-0.055055056,0.0,1.497291,1.4905865,-3.9701245,0.0,0.0,-0.022955157,-4.365604,0.0,-67.45526,1.4236112,0.0,0.0,-0.085880555,-1.2944964,0.0,-460.73843,0.11851852,-0.52920187,1.5266918,0.0,0.0,0.0,0.009500066,0.033099826,0.7934443,-0.47397915,-0.27481404,1.3882518,-0.02842032,-0.18821205,0.78423965,7.1097975,1.7842503,0.0,0.0,-0.19539922,41.48702,0.76193374,0.016512651,0.0,0.0,5.25,0.0,-77.82645,0.73526496,2.7990077,0.0,3.5383105,0.0,3810.4656,-0.014682929,8.694884,-0.05290716,-0.071327336,-3.583784,1.0571214,711.3252,0.0,1.3947678,0.09090909,-0.0519066,3.0,3.0,0.0,0.3243243,-0.07907179,1.0,0.0,21.996311,144.12396,4.736863,0.0,-0.5901375,38.924526,728.49866,0.0,0.6276602,4.4727197,4.0784492,0.19768411,15.785683,0.0,0.6310741,-3.855802,2.2173243,145.9633,4069.2837,5847.2754,1093.8182,0.0,15.929944,0.0,14.104188,-0.8852849,-0.43371156,4.0,0.6027335,0.0,1.8806679,0.0,-9.636553,5.7495117,0.7070707,106.656,7950.171,1.4084084,0.0,0.0,1624.0,105.204,1005.0,-0.0017425457,0.0,0.053268425,0.0,-0.03362173,0.09090909,2.5304554,3.0589738,3.51353,101.99691,0.0,6.0074644,0.09108769,213.99933,17.907751,2631.346,-3.75,42.702534,-0.27228713,73.842834,27.132019,1.0,1.8513563,5.7495117,0.45929036,39.936546,4.504211,0.65562737,0.0,0.0,0.11805555,0.14058086,47.296295,-0.33996677,0.7805187,0.395222,3.42535,1.4322217,0.0,1.9753087,0.0,18.0,3.07454,660.0,1.4442838,10.945156,0.10184773,21.0,-0.3107386,5.7495117,3.4841683,0.0,65.36332,0.0,-0.2602281,1.6002449,5.932652,-0.19897722,-1.876498,0.87377346,11.126903,265.78525,2.3587267,4648.877,49.71901,1.8152975,3.786503,3.7701447,4.4766774,-0.3677689
14,0.21661335294226058,-0.6316046446886849,-0.39519322783569544,"4,5-Dibromo-o-xylene",CB53,24932-48-7,261.8992745,CC1=CC(Br)=C(Br)C=C1C,CCCCCCC,Heptane,-0.3248305855594624,0.077546858,0.0,0.0,0.0,0.0,0.0,0.0,1.0,0.0,0.4,0.0,0.0,0.0,0.6666667,68.967,0.0,1.215281,-3.6296296,0.0,0.0,0.0,0.0,0.0,0.0,0.0,0.0,0.0,0.0,0.0,-2.6547775000000004e-16,3.1960344,0.0,0.0,0.6334896,0.040509365,2.6416042,0.0,1.5670077,0.6014147,9.04693e-17,7.5620296e-17,0.0,0.0,-0.120987654,-469.0947,1.0387785,0.17750062,-39.907536,0.0,0.0,-6.1284356,-0.045229387,0.0,0.0,0.0,0.0,1.5283208,11.126903,0.0,-0.27843332,0.0,-0.175,0.0,0.97217417,1.0463198,-3.5338554,0.0,0.0,-0.0053555556,0.6802813,0.0,-645.043,2.3239408,0.0,0.0,0.11959367,-0.78482276,0.0,0.0,0.12698413,-0.33029804,0.822164,0.0,0.0,0.0,-0.072473295,-0.2042812,0.6334896,0.1288,-0.1288,1.9759139,-0.006438889,-0.02703789,0.6256345,0.0,3.169357,0.0,0.0,-0.026287554,45.95264,0.6014147,-0.09756185,0.0,0.0,0.0,0.0,0.0,0.5658584,2.6416042,0.0,2.6416042,0.0,0.0,-0.0010359691,10.319798,0.13226688,-0.25282812,1.9452382,0.6673729,0.0,0.0,1.109984,0.0,0.13502383,3.0,3.0,0.0,0.3,-0.063960806,0.0,0.0,57.840096,174.0,0.0,0.0,-0.81412894,45.95264,859.32654,0.0,0.6334896,8.945439,4.2074075,0.4047619,8.945439,0.0,0.8556218,-4.5753055,1.7945817,0.0,5408.7163,10060.713,1864.0,0.0,0.0,0.0,0.0,0.7085302,0.14613333,1.8518518,0.6014147,0.0,0.0,0.0,13.4708,0.0,0.8348214,0.0,13931.54,1.4571428,0.0,0.0,2746.0,0.0,1266.0,5.013e-05,0.0,-0.01566861,0.0,-3.3665490000000005e-17,0.1,3.3808713,3.0611196,2.1595728,64.604935,0.0,4.1938887,0.12349837,261.89926,21.976522,3170.4236,2.5925925,53.773106,-0.15291879,47.548874,12.2023115,0.0,2.3060284,0.0,0.43296164,44.473103,3.7642326,0.702568,0.0,0.0,0.0,0.21130446,10.592592,-0.48053727,0.47561416,0.5733221,4.0592494,1.661404,0.0,1.75,0.0,21.0,3.82844,756.0,0.8895243,10.943197,-0.27445042,0.0,-0.10551712,0.0,2.8187099,0.0,57.18489,0.0,-0.38372546,1.2203932,5.611,-0.20941207,-0.6802813,0.94280905,11.126903,558.9285,2.6297686,963.8957,103.55556,2.470728,3.4803898,3.5284824,3.4183736,-0.40820608
15,0.32465321296691385,-1.1091419753123541,-0.4488923731908898,"1,3,5-Trimethoxybenzene",CK30,621-23-8,168.0786442,COC1=CC(OC)=CC(OC)=C1,CCCCCCC,Heptane,-0.33887538926922295,0.01565667,1.0,0.0,0.0,0.0,0.0,0.0,1.0,0.0,0.33333334,0.0,0.0,0.0,0.5,0.0,0.0,-2.764323,2.25,0.0,0.0,0.0,0.0,0.0,0.0,0.0,0.0,0.0,0.0,0.0,0.018450184,3.094691,0.0,14.210588,0.5246802,-0.07088008,2.4056392,0.0,0.5579113,0.50592977,-0.036473088,0.04540498,0.0,0.0,0.057692308,-204.86598,0.7228571,0.08442817,-33.0,51.1875,0.0,-16.3125,-0.025607638,0.0,0.0,0.0,0.0,2.1793234,0.0,0.0,0.13142857,2.2123547,0.115384616,0.0,0.41514462,0.36575294,8.0494795,2.041875,0.0,0.07794643,-1.0587047,0.0,-753.75305,0.4082483,0.0,0.97983676,-0.29453546,0.6160714,0.0,-216.324,0.044444446,-0.52963716,0.3127528,0.0,0.0,0.0,-0.08923077,-0.41826922,0.5246802,0.7044,-1.5104063,0.45633966,0.06401942,-0.1110398,0.8345634,21.329393,0.5191229,0.0,0.0,-0.09336333,20.424885,0.50592977,0.093459,0.0,0.0,6.75,0.0,-43.3125,0.7953725,2.4056392,0.0,2.4056392,82.6875,4420.465,0.059231177,5.4039326,-0.20997375,-0.0382372,7.9895835,1.3346628,-591.0761,0.0,0.27556017,0.25,-0.20655623,4.0,3.0,204.1875,0.27272728,-0.2686053,3.0,972.0,0.0,28.6875,14.210588,0.0,-0.6145833,20.424885,153.53992,0.0,0.5246802,18.1991,0.0,0.0,17.248535,0.12070139,0.20412415,-2.3193839,3.1845238,188.58356,2678.291,899.7843,190.5,0.0,0.0,0.0,24.045313,-23.923178,0.5475,-5.25,0.50592977,0.0,5.6743684,0.0,-8.355237,17.248535,0.5989583,144.54,2078.4739,1.1057693,0.0,0.0,528.0,142.56,729.0,-0.0049832524,0.0,-0.47952178,0.0,-0.1232073,0.125,1.5606601,1.9781653,3.5162096,133.75,0.0,6.0098076,0.029462783,168.07864,14.003163,2163.8538,-12.0,43.65451,0.4602003,57.735336,31.355055,3.0,1.4735532,17.248535,0.36666667,32.365067,3.2701657,0.63224876,0.0,0.0,0.35416666,0.086703345,186.0,-0.49845502,0.91954947,0.22516386,2.252492,0.89918387,0.0,2.7777777,0.0,15.0,1.7124,576.0,1.5395017,10.959423,-0.37109226,27.0,0.40985954,17.248535,4.6875,0.0,54.080566,0.0,-0.38770735,1.71875,6.274286,-0.1160386,-0.583252,0.61237246,0.0,37.491013,0.0,5551.1704,7.9375,1.3485445,4.0616393,3.9524696,6.0151377,-0.085430525
16,0.19826111487094072,-1.044690498152756,-1.125298501055332,2-Pheylphenol,CQ4,90-43-7,170.0731649,OC1=CC=CC=C1C2=CC=CC=C2,CCCCCCC,Heptane,-0.9391095872926936,0.065461574,1.0,0.0,0.0,0.0,5.7495117,0.0,1.0,0.0,0.42857143,5.1065273,0.0,0.0,0.75,11.629819,0.0,-1.2007982,-1.9149338,0.0,0.0,0.0,0.0,0.0,0.0,0.0,0.0,0.0,0.0,0.0,-0.1140848,3.2056806,0.0,0.0,0.5949809,-0.032454003,2.691433,0.0,1.1867266,0.5485007,-0.10473602,-0.11005298,0.0,0.0,-0.05175497,-154.50017,1.1958282,0.29132396,-7.7674856,9.499055,0.0,-7.4158792,-0.18374117,0.0,0.0,0.0,0.0,1.8321289,0.0,0.0,-0.18596457,0.22603251,-0.10611775,0.0,1.1834501,1.2108313,-0.489603,0.18988658,0.0,-0.0044049667,-0.75590664,0.0,-163.96022,0.49175623,0.0,0.073085554,-0.0015261932,-0.56457293,0.0,68.81111,0.074074075,-0.316282,1.2570728,0.0,0.0,0.0,-0.06601932,-0.20042916,0.8499678,-0.4996325,0.05883289,0.6503288,-0.0046177437,-0.099764034,0.92936605,0.0,0.76482576,0.0,0.0,-0.09859834,25.119001,0.7835679,-0.25162503,0.0,0.0,2.332703,0.0,14.107751,0.9140983,1.9557946,0.0,3.844882,14.139887,3354.3403,-0.002647297,5.6519485,-0.017965658,-0.17460911,-5.4310017,0.6387441,145.56918,0.0,1.1207138,0.071428575,-0.019658152,4.0,1.5,30.27032,0.23684211,0.016381199,1.0,145.37357,0.0,-28.763704,5.1065273,0.0,-4.4097877,16.283249,-140.58263,0.0,0.4323572,5.5634513,0.0,0.04269016,11.126903,0.026499934,0.22005184,-2.970831,3.0227273,141.53654,2922.5886,737.6553,153.82608,9.563948,48.530937,0.0,17.347082,-3.3201008,-0.4794518,0.42722118,0.39858124,0.0,1.7735345,0.0,-3.7412484,5.7495117,0.69460595,108.1205,1997.2981,1.2721559,0.0,0.0,506.0,107.01,786.0,-0.00019462424,0.0,0.025502175,0.0,0.073487066,0.03846154,1.9888437,2.0028358,6.0028043,133.0,0.0,5.012436,0.042348996,170.07317,14.17126,2192.6882,-1.8034027,42.0566,-0.0586959,61.902958,36.496246,1.0,1.5066916,16.876415,0.10811021,38.556133,-1.5459322,1.0879112,0.0,0.0,0.16666667,0.08647146,147.0,-0.1869397,0.9505664,0.24573688,2.8831744,1.3354607,0.0,2.268431,0.0,15.0,3.0592,578.0,0.6170275,10.937713,0.028932478,32.0,-0.061715823,5.7495117,3.0359168,1.0,60.586823,0.0,-0.13682781,0.3282136,5.8870454,-0.060245257,-1.0156186,0.5384517,0.0,32.071968,1.9200926,5298.2314,6.688091,1.6763536,4.242269,4.230609,4.4761558,-0.12687635
17,0.1575502933470695,-1.0751663498623096,-0.4424982905514745,2-amino-5-nitrophenol,CP 28,121-88-0,154.0,C1=CC(=C(C=C1[N+](=O)[O-])O)N,CCCCCCC,Heptane,-0.5252518780136194,0.031191694,0.0,0.0,0.0,0.0,0.0,0.0,1.0,5.6873865,0.5,10.114318,0.0,0.0,1.0,6.066367,0.0,26.384083,-4.885813,0.0,0.0,0.0,0.0,0.0,0.0,0.0,0.0,0.0,0.0,0.0,0.012027194,3.1797473,0.0,10.840195,0.87400657,1.0553633,3.5724695,0.0,1.3731656,0.813345,0.041537754,-0.0122176185,0.0,0.0,-0.19543253,-418.67706,1.2481086,0.20272186,-22.024221,-41.065742,0.0,13.3391,-0.9692426,10.114318,0.0,0.0,0.0,0.51499337,12.132734,0.0,-0.19325997,0.0,-0.27960396,0.0,1.3976676,1.3898613,-53.52249,0.0,0.0,-0.07594042,0.9439052,10.118076,21.186636,0.44014376,0.0,0.0,0.15687548,-0.97231835,0.0,-223.46367,0.11851852,-0.38746572,1.3799057,0.0,0.0,0.0,0.10605227,0.53356403,0.94243515,1.7341806,-0.44186887,0.37312236,-0.06714053,-0.28353015,0.6683883,16.677065,0.3924555,0.0,0.0,-0.28567165,35.244076,0.87702423,1.1064705,0.0,3.7606838,1.6747404,1.0,-48.83045,0.6695105,3.2927701,0.0,3.8521688,0.0,740.7371,-0.05105664,3.3415062,-0.12743616,-0.20106874,27.623606,0.46685594,-33.9026,2.0,1.3252915,0.09090909,-0.13321243,3.0,3.0,0.0,0.39583334,-0.07023269,1.0,0.0,0.0,20.397924,10.029839,17.124285,-16.477123,31.884607,91.32417,0.0,0.805578,6.066367,0.0,0.034375187,6.066367,0.0,0.26979223,-1.0007912,5.295139,37.88467,2673.1409,634.6528,135.52942,8.919537,0.0,0.0,2.139072,3.9365628,1.828399,0.34256056,0.7496658,0.0,5.1622086,9.5200205,4.717695,5.7495117,0.9108911,30.272,2031.9772,1.4542574,0.0,0.0,512.0,30.8,695.0,-0.00019267194,1.0,0.1033532,0.0,0.1703435,0.13636364,1.2573969,1.9798013,8.001935,169.44444,0.0,7.0041146,0.036675308,154.03784,12.831987,1923.1072,-0.038062282,37.956417,-0.33378628,60.73198,4.7454934,3.0,1.3282346,5.7495117,0.09284732,23.750689,-0.63247234,1.4099737,0.0,0.0,0.2361111,0.07396452,154.0,-0.31750113,0.64928526,0.19655919,2.0472999,0.66593605,0.0,2.2145329,0.0,13.333333,0.8826,500.0,0.7656202,10.959528,0.07045304,4.0,-0.33082047,5.7495117,5.0311418,1.0,29.730516,0.0,-0.20805298,0.46712804,6.8631563,-0.33261448,-2.6653616,0.9714045,0.0,37.332516,5.1813474,1346.4207,7.972318,1.3970994,3.5966609,3.4915242,5.163684,-0.5825581
18,0.09625935399886519,-0.7551580310085095,-1.2329816620124028,2-Hydroxy-4-methoxybenzophenone,CC19,131-57-7,228.0786442,O=C(C1=CC=CC=C1)C2=CC=C(OC)C=C2O,CCCCCCC,Heptane,-1.3643091825825155,0.0067653,1.0,0.0,0.0,0.0,11.3129635,0.012345679,1.0,0.0,0.5,9.901065,0.0,0.0,1.0,12.132734,0.0,-3.940547,-1.1355529,0.0,0.0,0.0,0.0,0.0,0.0,0.0,0.0,0.0,5.783245,0.0,-0.06135978,3.2156048,0.0,4.736863,0.7479457,-0.08384143,3.633506,0.0,1.3292747,0.6974832,-0.0685757,-0.05514317,0.0,0.0,-0.0241607,-226.11142,1.0913094,0.17851382,-9.32937,-0.6527943,0.0074074073,-2.0713437,-0.2306051,4.794537,0.015432099,0.0,0.0,1.224475,13.176165,0.012345679,-0.047269523,-1.111887,-0.04233156,0.0,1.0523993,1.0556968,15.646552,-1.1787039,0.0,0.019464923,0.42187876,12.065943,-377.88037,0.7101349,-0.20300643,-0.72729826,-0.09744064,-0.19143876,0.0,115.36618,0.083333336,-0.5289872,1.0628098,0.0,0.0,0.0,-0.010881923,-0.04407114,0.9183017,-1.0626546,-0.28310415,0.8495249,0.015179429,-0.08055872,0.76638407,12.673249,0.9834725,0.0,0.0,-0.07485323,34.43799,0.85634553,-0.830316,0.0,0.0,-1.6920333,1.0,25.002378,0.7502077,2.9009159,0.0,4.461092,-38.22592,6408.0137,0.015623634,6.9441795,-0.017220562,-0.120583765,-18.172216,0.6936001,-24.460602,0.0,0.8039495,0.16666667,-0.018569758,5.0,3.0,-37.43282,0.3125,-0.038250543,3.0,-170.4264,0.0,-0.588585,14.637928,17.096209,-6.918153,25.638851,1.4068096,0.0,0.59714437,11.629819,0.0,0.050375637,0.0,-0.05573209,0.33912426,-3.2122924,4.708812,298.80093,4006.9878,1003.35675,211.44827,9.753358,30.331835,0.0,45.305935,-9.633505,-1.1996433,-1.9785969,0.5568561,0.0,5.4516945,12.065943,2.248398,11.499023,0.6766667,236.9565,2799.7944,1.2057624,0.0,0.0,708.0,233.89,1065.0,-0.002081052,0.0,-0.19290638,0.0,0.036149945,0.05882353,2.4855027,1.9970342,7.0082693,273.1111,0.0,6.022049,0.048644852,228.07864,19.003164,2937.6587,-2.0618312,57.05201,0.13877586,105.37167,59.02204,3.0,1.5303315,11.499023,0.2098943,46.309566,0.4994536,0.9470632,0.0,0.0,0.4236111,0.08017751,316.0,-0.1878537,0.8006775,0.23945446,3.578229,1.5754638,0.0,3.2632675,0.037037037,20.0,2.6318,770.0,0.99079293,10.946843,-0.119747065,89.0,0.11690192,11.499023,4.0499406,1.0,78.42226,54.0,-0.13714775,0.85005945,6.4015517,-0.07892003,-1.8249756,0.93502593,15.92144,34.59851,0.8240434,7222.8154,7.29132,1.5968816,5.706641,5.6652803,6.48918,-0.20269935
19,0.13419670057686695,-0.6466954686535403,-1.1719132537233643,Thymol,CP3,89-83-8,150.1044651,CC1=CC(O)=C(C(C)C)C=C1,CCCCCCC,Heptane,-1.3535560034296312,0.035195897,0.0,0.0,0.0,0.0,11.667418,0.0,1.0,0.0,0.5,5.1065273,0.0,0.0,1.0,30.034914,0.0,5.386667,-1.7152,0.0,0.0,0.0,0.0,0.0,0.0,0.0,0.0,0.0,0.0,0.0,-0.09295288,3.202466,0.0,0.0,0.7500392,0.12527132,3.4830742,0.0,1.0595341,0.7245303,-0.08636967,-0.09053295,0.0,0.0,-0.03988837,-546.32135,1.2738148,0.33915356,-16.2848,9.216,0.0,17.3312,-0.17333333,0.0,0.0,0.0,0.0,1.160782,0.0,0.0,-0.28509453,0.6470669,-0.070424385,0.0,1.0597686,1.0812018,4.9066668,0.532512,0.0,0.0022594098,-1.3351828,0.0,491.14325,0.8975326,0.0,0.19498764,0.06738078,-0.8101246,0.0,-285.1649,0.1037037,-0.31358474,1.1306369,0.0,0.0,0.0,0.14183952,0.40305117,0.7909956,-2.1409838,-0.10182352,0.9678889,0.0022015371,-0.06285415,1.001297,0.0,0.95253056,0.0,0.0,-0.059297245,24.97364,0.7640937,-0.96256626,0.0,0.0,2.904,0.0,-58.824,1.010065,2.774694,0.0,3.6732697,29.4912,2392.2236,0.0006680431,5.9475827,-0.13038334,-0.17105263,-25.071112,0.49204406,-538.30304,0.0,1.0312922,0.09090909,-0.13345431,3.0,3.0,93.5712,0.375,-0.025768586,1.0,450.1512,13.847474,50.8112,5.1065273,0.0,-4.3333335,22.166872,243.03671,0.0,0.5974978,0.0,6.123611,0.104849905,11.126903,0.011904544,0.6032249,-2.5594532,2.5555556,105.56698,2498.941,810.1802,169.04,9.46176,25.98021,0.0,14.69637,6.3377776,-2.005216,-1.3376,0.57717687,0.0,1.7589531,0.0,-4.4287577,5.7495117,0.91525424,81.84,1712.8341,1.616082,0.0,0.0,438.0,80.52,687.0,0.0007452152,0.0,-0.004433024,0.0,0.02828469,0.045454547,1.8079474,1.990837,6.002804,155.88889,0.0,5.0124316,0.048703436,150.10446,12.506952,1808.3243,-2.0064,39.770477,0.030525966,87.07686,26.494726,1.0,1.3747708,5.7495117,0.44763514,34.756786,1.1811393,0.97720724,0.0,0.0,0.2361111,0.10634985,58.0,-0.27370688,0.9916905,0.23790331,3.2169707,1.1419204,0.0,2.2145329,0.0,13.666667,2.82402,494.0,0.51070166,10.946559,-0.005297993,15.0,0.0295287,5.7495117,2.8416,1.0,65.683205,0.0,-0.20837334,1.272,5.6642623,-0.19504555,-2.8240254,0.9937935,30.892282,32.407207,2.1273148,5853.0024,6.7616,1.3902714,4.1175103,4.1049566,4.3627214,-0.30193692
20,0.17775055952830726,-0.509995349125849,-0.8559840361340285,2-Phenylbutyric acid,CK18,90-27-7,164.2,CCC(C(=O)O)c1ccccc1,CCCCCCC,Heptane,-1.0410272041571516,0.045462941,1.0,0.0,0.0,1.0,6.4208217,0.0,1.0,0.0,0.5,4.794537,0.0,1.0,1.0,11.984273,4.794537,20.56906,-1.0,0.0,0.0,0.0,0.0,0.0,0.0,0.0,0.0,0.0,0.0,0.0,-0.078475334,3.1641123,0.63824075,5.1065273,0.78989816,0.51422644,3.6216536,0.0,1.0926816,0.7533568,-0.07169535,-0.07891241,0.0,0.0,-0.025,26.849716,1.246582,0.26495543,-9.777778,7.2222223,0.0,17.11111,-0.19680749,4.794537,0.0,0.0,0.0,0.963309,0.0,0.0,-0.23016827,0.2483361,-0.05,0.0,1.0990472,1.1164303,-2.2417052,0.21777777,0.0,-0.0073504276,-1.4262798,10.730976,40.57021,0.59810853,-0.7465741,0.093228444,0.28496444,-0.81837606,0.0,82.71306,0.08888889,-0.33369154,1.1496543,0.0,0.0,0.0,0.1203125,0.42777777,0.89540285,-1.9352909,-0.062021527,0.78126454,-0.006234081,-0.08548658,0.75420403,5.9179063,0.7515807,0.0,0.0,-0.08299595,28.218616,0.8539807,-1.1545956,0.0,0.0,2.25,1.0,16.88889,0.76206404,2.9712517,0.0,4.1053886,11.111111,2985.1577,-0.0061544273,5.6782556,0.020144701,-0.08921584,-28.900415,0.37982205,181.84837,0.0,1.0009493,0.25,0.020304102,3.0,2.0,28.444445,0.2647059,-0.009994089,3.0,136.13445,0.0,2.1111112,9.901065,5.9179063,-4.7233796,24.420393,2.0242035,0.0,0.6480428,0.0,1.8807408,0.05265459,5.5634513,0.022759806,0.25099173,-1.8452955,3.4839745,121.71513,2629.7786,843.3136,177.33333,8.826679,37.255573,0.0,11.083386,-4.4658084,-1.9688889,1.25,0.61806375,0.0,3.4028897,10.730976,-6.7418723,0.0,0.9184028,91.586,1966.77,1.3895833,0.0,0.0,500.0,91.3,722.0,0.0028327822,0.0,-0.07185445,0.0,0.03325397,0.0,1.9082854,1.9829518,7.0082903,181.16667,0.0,6.02201,0.018518519,164.08372,13.671135,1976.2742,-0.75,42.35581,-0.059330802,86.919685,30.31008,2.0,1.2940837,0.0,0.24609375,34.51076,-0.734994,1.1324931,0.63824075,0.0,0.20833333,0.10601585,128.0,-0.28769255,0.7528093,0.23659399,2.7097554,1.2382464,0.0,2.7777777,0.0,14.666667,2.2648,530.0,0.55851346,10.953305,-0.06079251,21.0,-0.05324135,0.0,3.5555556,1.0,61.982147,0.0,-0.21598922,0.875,6.018269,0.009822625,-0.12828529,0.63608277,24.825916,35.138065,0.8819444,6276.616,7.388889,1.4379485,4.6014986,4.5828714,4.9584904,-0.02279598
21,0.11543585322733999,0.30589643951119516,-0.541657938867929,"2,5-Di-tert-butylhydroquinone",CB114,88-58-4,222.33,CC(C)(C)c1cc(O)c(C(C)(C)C)cc1O,CCCCCCC,Heptane,-0.6123444419991164,0.045992651,1.0,0.0,0.0,0.0,0.0,0.0,1.0,0.0,0.42857143,10.213055,0.0,0.0,0.75,22.962715,10.829981,14.555132,-5.3130193,0.0,0.0,0.0,0.0,0.0,0.0,0.0,0.0,0.0,0.0,0.0,-0.10455105,4.0237694,0.0,0.0,0.5057276,0.21404606,2.6540215,-0.337346,0.765682,0.49537954,-0.0971382,-0.10297954,0.0,0.0,-0.07813264,-1790.6371,0.9854869,0.21016407,2.2437673,-32.540165,0.0,37.855957,-0.25198138,0.0,0.0,0.0,0.0,2.593906,0.0,0.0,-0.01738545,-1.6338216,-0.10146001,0.0,0.7142166,0.72837955,16.435635,-1.1697507,0.0,0.013640385,-5.7566648,0.0,112.33942,2.472725,0.0,-0.2516071,0.08260753,-0.052300822,0.0,250.14388,0.11965812,-0.30581146,0.7693267,0.0,0.0,0.0,0.18505579,0.55670524,0.53581464,-2.195991,-0.903913,2.949243,0.015684264,0.18559459,1.0211408,0.0,3.119664,2.0,2.0,0.18849573,22.230585,0.52485096,-0.7516815,0.0,0.0,-14.5817175,0.0,51.880886,1.0310489,2.496127,0.0,2.8119164,13.761773,7410.7905,0.0050071673,8.733656,-0.2989743,-0.19901851,-14.378308,0.42935923,441.3356,0.0,0.7881556,0.0,-0.3037055,4.0,7.0,-332.97507,0.26086956,-0.11244161,0.0,-1610.9568,0.0,164.5928,10.213055,22.329004,-9.575293,20.33411,791.0954,0.0,0.4756405,11.126903,12.0729475,0.4702805,11.126903,-0.07226622,2.773437,-3.372677,2.369403,323.63284,4251.3257,1253.2045,262.3158,20.007269,41.542423,0.23570226,53.59154,-41.722607,-1.8913573,-7.490305,0.4659081,0.13043478,3.5348866,0.0,-28.682709,11.499023,1.1645683,251.4625,2553.987,2.175492,0.0,0.0,654.0,247.21,1146.0,0.0017013547,0.0,-0.109369904,0.0,0.03623182,0.0625,2.7300446,1.9975262,6.003863,317.5,0.14433756,5.01378,0.039467234,222.16199,18.510366,2678.4214,-6.9113574,58.20208,0.15142003,100.85282,70.15989,2.0,1.4655111,11.499023,0.52302027,50.11249,4.9197783,0.8623741,0.0,0.0,0.5416667,0.09750159,184.0,-0.04162144,1.0124434,0.22983304,6.386506,1.7782577,0.0,3.25,0.0,20.333334,3.6928,736.0,0.44082338,10.942719,-0.06055696,100.0,0.17754397,11.499023,3.0083103,2.0,136.31017,0.0,-0.032673057,1.5734072,5.5779104,-0.3841011,-8.37323,3.4391575,52.669327,32.979065,1.2145059,14796.429,6.903047,1.3187498,5.4987335,5.481688,5.82748,-0.5073542
22,0.07104007489736638,0.09087751053743764,0.6554885933629672,"2,4-Diphenyl-4-methyl-1-pentene",CJ63,6362-80-7,236.35,CC(C)(CC(=C)C1=CC=CC=C1)C2=CC=CC=C2,CCCCCCC,Heptane,0.7056155767866383,0.04763693,1.0,1.0,4.235631,1.0,0.0,0.0,0.0,0.0,0.5,0.0,0.0,0.0,1.0,28.53582,5.4149904,1.5926824,-7.822715,0.0,0.0,0.0,0.0,0.0,0.0,0.0,0.0,0.0,0.0,0.0,0.02849003,4.023064,0.97324073,0.0,0.6477866,0.024131551,3.3995373,0.11923091,0.9535469,0.61546105,0.02849003,0.02849003,0.0,0.0,-0.11852598,-1179.8921,1.0627362,0.06682251,-42.603878,7.2409973,0.0040312423,-12.67313,-0.05679176,0.0,0.0069444445,0.0,0.0,1.8483903,16.700008,0.0,-0.10144839,-0.06447368,-0.2097445,0.0,0.9851852,0.9851852,0.9854619,-0.047368422,0.0,-0.00037508423,-2.9328487,0.0,178.35579,1.7932079,1.1985676,-0.012482105,0.061952863,-0.24786004,0.0,109.99903,0.094017096,-0.3237418,0.9851852,0.0,0.0,0.0,-0.07859204,-0.19201712,0.8043361,-0.35698062,-0.64202213,2.2597008,-0.0005105313,-0.016716717,1.0014246,0.0,2.5677614,1.0,1.0,-0.016716717,25.708654,0.7641984,-0.069111444,0.0,0.0,0.6980609,0.0,22.714682,1.0014246,2.5048003,0.0,4.2210975,-1.8947369,12338.433,-9.8838864e-05,9.534546,-0.23620474,-0.21028636,-3.790325,0.7327101,204.5479,0.0,0.8798688,0.21052632,-0.23620474,5.0,4.0,-13.157895,0.16666667,-0.23620474,4.0,-63.718952,75.02371,25.484764,0.0,5.4149904,-2.2148786,19.09982,123.41355,0.0,0.47729325,0.0,8.78415,0.24285112,6.4208217,-0.015302781,1.2487735,-5.0812335,2.0055056,542.3785,4146.4224,1146.9412,236.8421,0.0,81.09008,0.10206208,88.79246,0.84105206,-0.26227146,1.7922437,0.45347556,0.055555556,0.0,0.0,-15.93128,0.0,0.97197086,422.0125,2617.0754,1.9841057,0.0,0.0,668.0,414.77,1136.0,-0.0002022131,0.0,-0.021605013,0.0,0.02849003,0.0,3.3926308,1.9988828,3.0327022,222.61111,0.058925565,4.136668,0.032075014,236.1565,19.678461,2983.1602,-2.493075,64.8957,-0.016716717,129.18242,112.96505,0.0,1.5240211,0.0,0.3422292,59.092457,1.0259395,0.94680136,0.97324073,0.0,0.7013889,0.10943971,156.0,-0.022783918,1.0014246,0.2509091,5.3962646,2.3007874,0.0,3.9958377,0.03224994,21.333334,5.0677,804.0,0.91246563,10.945214,-0.08668792,151.0,-0.016716717,0.0,2.4432132,0.0,138.3865,72.0,-0.016716717,0.8361389,5.4524326,-0.23620474,-5.274667,1.5971833,31.395199,30.182661,3.9183424,15882.505,6.232687,1.5550647,6.6595974,6.6595974,6.6595974,-0.32193342
23,0.07214119289324353,-0.5804191356809093,-1.5988098055424993,Flavanone,CB140,487-26-3,224.0837296,O=C1CC(C2=CC=CC=C2)OC3=C1C=CC=C3,CCCCCCC,Heptane,-1.4912306477358694,0.093394126,1.0,0.0,0.0,0.0,17.733786,0.0,1.0,0.0,0.44444445,4.794537,0.0,0.0,0.8,17.696186,0.0,-3.932653,-2.0428061,0.0,1.0,1.0,1.0,1.0,1.0,1.0,0.0,0.0,5.783245,0.0,0.019155549,3.2060678,0.2636111,4.736863,0.7008906,-0.07562794,3.4049132,0.0,1.243701,0.64881104,0.0004859456,0.028926626,0.0,0.0,-0.039284736,-180.19292,1.1922944,0.1340986,-24.637337,-17.868013,0.008062485,-10.028538,-0.0545391,4.794537,0.008873457,0.0,0.0,1.4530678,0.0,0.0,-0.096554354,-0.13897015,-0.07213638,0.0,1.3444942,1.3709695,2.866561,-0.08913199,0.0,0.0006733056,0.55092824,11.9892435,130.60107,0.8422271,0.15342876,-0.0012604804,-0.03277454,-0.35246357,0.0,-101.90489,0.06837607,-0.5167134,1.4030898,0.0,0.0,0.0,-0.05283137,-0.19285649,0.9033965,-0.5631552,-0.52777267,1.1391354,-0.0015783572,-0.12794149,0.6158926,11.984273,1.4624784,0.0,0.0,-0.12627243,31.697552,0.83626974,-0.41448635,0.0,0.0,-1.6123662,1.0,-21.523186,0.6090054,2.7264798,1.0,4.388683,-9.945303,5435.5737,0.0028224762,7.0413046,-0.04115032,-0.041423555,-1.0057471,0.6871051,-108.19168,0.0,1.3551562,0.05263158,-0.0409401,5.0,2.5,-29.53151,0.30612245,-0.07776916,1.0,-142.56758,0.0,-24.752676,9.5314,11.887212,-1.6907121,24.59413,-122.64718,0.0,0.5612372,0.0,0.0,0.06562146,5.5634513,-0.025047068,0.3828215,-3.7879868,3.3715277,257.32935,4345.9795,953.88025,199.86208,0.0,42.46457,0.0,46.76262,-4.548355,-0.62413794,-1.5541023,0.5195345,0.0,3.8738503,11.9892435,3.215675,11.853478,0.7720806,205.178,2688.0906,1.1933154,0.0,0.0,680.0,201.53,1161.0,-0.0015529181,0.0,-0.1027355,0.0,0.03030514,0.0,2.9988425,1.9918361,7.008268,215.77777,0.0,6.0220323,0.08672574,224.08372,18.671135,3030.003,-1.6206896,54.853176,0.0065266252,98.742485,62.65728,2.0,1.4475806,5.7495117,0.19601765,48.45526,-2.1428108,1.1164491,0.41768518,0.0,0.5069444,0.085681215,289.0,-0.12430005,0.644195,0.2428036,4.1406364,2.1266224,0.0,2.56,0.03224994,19.666666,3.3931,792.0,1.2123915,10.952483,-0.09320931,84.0,-0.01604778,5.7495117,3.6504161,0.0,86.78214,36.0,-0.09083615,0.715546,6.197969,-0.050420303,-1.1592883,0.87178504,28.446228,32.89242,1.745402,7538.707,6.8917956,1.6708711,5.3833838,5.3258696,6.2403636,-0.10365392
24,0.05013679732358721,-1.1126499386862025,-1.0021136283613474,"1,2,3,4-Tetrahydro-1-naphthol",CB115,529-33-9,148.088815,OC1CCCC2=C1C=CC=C2,CCCCCCC,Heptane,-0.9542696065078062,0.082901084,0.0,0.0,0.0,0.0,0.0,0.0,1.0,0.0,0.4,5.1065273,0.0,0.0,0.6666667,30.389368,6.4208217,-1.8853707,-1.5236295,0.0,0.0,0.0,0.0,0.0,0.0,0.0,0.0,0.0,0.0,0.0,-0.09345586,3.2027938,2.9745834,0.0,0.7885468,-0.043845832,3.5670402,0.0,1.2091794,0.75018394,-0.090452194,-0.087317474,0.0,0.0,-0.035433244,-144.65482,1.2111869,0.26975584,-15.145557,10.926276,0.0,-1.8166351,-0.13543198,0.0,0.0,0.0,0.0,0.95652175,5.5634513,0.0,-0.24493365,0.0,-0.06994099,0.0,1.1943568,1.2059883,-2.7786705,0.0,0.0,-0.006359512,-0.83442307,0.0,311.52225,0.6631873,0.0,0.0,-0.03714419,-0.67877644,0.0,147.73393,0.083333336,-0.3220921,1.2270068,0.0,0.0,0.0,-0.015244773,-0.04224733,0.88466185,-0.57571113,0.0032665406,0.9641561,-0.0073855575,-0.18480602,0.94433624,6.103966,1.2365396,0.0,0.0,-0.18265511,26.270718,0.841623,-0.27495947,0.0,0.0,1.5973535,0.0,30.708885,0.94379693,2.7995844,1.0,4.001823,0.0,924.58826,-0.0030546146,5.5880227,-0.01736494,-0.1281128,-5.9481726,0.8016614,239.48439,0.0,1.1312019,0.0,-0.018409105,3.0,1.5,0.0,0.28125,0.00070120423,0.0,0.0,6.066367,-24.686201,5.1065273,6.103966,-3.2503676,21.66999,-119.00646,0.0,0.61888933,0.0,0.0,0.060373005,24.825916,0.0,0.2766825,-2.0746167,2.430303,33.59232,2701.6638,755.8141,157.73914,9.561342,24.265469,0.0,2.2230644,0.6171498,-0.54442346,3.3913043,0.58878034,0.0,1.7763406,0.0,-4.02203,0.0,0.8653607,24.2,1710.802,1.3392051,0.0,0.0,436.0,24.2,749.0,-0.00043051015,0.0,0.029910238,0.0,0.08235199,0.0,2.3377688,1.9896349,6.002599,133.66667,0.0,5.006098,0.1174267,148.08882,12.339106,1928.3743,1.041588,38.796833,-0.08189342,82.04192,14.998772,1.0,1.2845287,0.0,0.1766712,33.867558,-0.9194024,1.1315392,3.182963,0.0,0.0625,0.11132232,79.0,-0.3153479,0.9474495,0.24295752,3.1068401,1.7283112,0.0,1.4512472,0.0,13.333333,2.0563,518.0,0.75001854,10.94712,0.04652353,5.0,-0.09512419,0.0,2.7712665,1.0,61.542023,0.0,-0.2344202,0.489603,5.723091,-0.044969037,-0.9245455,0.5384517,30.072512,32.86148,2.4629629,4030.807,6.858223,1.4725026,3.815113,3.8011165,4.083667,-0.09213668
25,0.12849344786303607,-0.949962719821562,-1.2956478967141074,N-Methylformanilide,CK44,93-61-8,135.16,CN(C=O)C1=CC=CC=C1,CCCCCCC,Heptane,-1.1481217717015568,0.07088488,0.0,0.0,0.0,0.0,0.0,0.0,1.0,0.0,0.5,4.794537,6.410095,0.0,1.0,12.132734,4.794537,-2.7377656,-2.9529085,0.0,0.0,0.0,0.0,0.0,0.0,0.0,0.0,0.0,0.0,0.0,0.03279014,3.129095,0.787037,0.0,0.7383317,-0.091258846,3.1363792,0.0,1.3317443,0.69334286,0.001142239,0.046346962,1.5277778,1.0,-0.09843028,-355.4581,1.1664201,0.2493907,-24.448753,5.274238,0.0,-13.670361,-0.008002462,4.794537,0.0,0.0,0.0,1.1115482,4.8999095,0.0,-0.20794296,0.0,-0.21405622,0.0,1.260375,1.2621181,-8.378886,0.0,0.0,-0.020219753,-0.39111206,10.231208,79.23082,0.40541086,0.0,0.0,0.033196196,-0.7787781,0.0,94.881134,0.09259259,-0.39777932,1.283975,0.0,0.0,0.0,-0.121671595,-0.45567867,0.88217443,-0.08172133,-0.113793075,0.37478486,-0.020274239,-0.22405113,0.63794154,0.0,0.34731773,0.0,0.0,-0.22413021,26.345736,0.8284209,-0.113492124,0.0,2.0674639,1.3850416,1.0,19.379501,0.62881017,2.5703325,0.0,3.7474132,0.0,924.85486,-0.010856706,4.370078,-0.12176296,-0.0045903954,-1.9125885,0.6732521,201.42258,1.0,1.0304106,0.2,-0.12525915,3.0,1.5,0.0,0.19014084,-0.031360064,2.0,0.0,0.0,-14.196676,4.794537,0.0,-0.15204678,21.805536,-65.18773,1.0,0.60507923,12.735058,0.0,0.04303315,12.097482,0.0,0.20363504,-1.2803894,3.1574075,36.345024,2055.6736,653.85065,137.1579,0.0,18.1991,0.0,2.3132195,-3.1683595,-0.12110249,1.5512465,0.5682099,0.0,1.705449,11.7589855,-2.2185671,0.0,0.7590361,26.928,1615.4216,1.5795181,0.0,0.0,410.0,27.06,563.0,-0.0002454414,0.0,0.0047481908,0.0,-0.07924751,0.05,1.3215775,1.9756746,7.0088115,113.666664,0.0,6.014696,0.014344383,135.06842,11.253517,1671.4268,0.085872576,33.170593,-0.18579884,59.591206,12.647045,1.0,1.4046906,0.0,0.22485207,28.16592,1.0163199,0.8610258,0.0,0.0,0.15277778,0.0943984,75.0,-0.2066612,0.62721926,0.23000412,2.0518634,0.72398967,0.0,2.2857144,0.0,12.0,1.2792,444.0,1.194847,10.960829,0.009086875,5.0,-0.19555715,0.0,3.7451525,0.0,40.785072,0.0,-0.14008865,0.84210527,5.948972,-0.19991527,-1.895632,0.40236893,0.0,34.413193,0.9143519,2921.7883,7.218837,1.4824169,3.5980718,3.4971428,4.7160683,-0.3072795
26,0.07660252237005778,-1.2406135185011702,-1.1939436237290186,"2,5-Dimethylphenol",CQ44,95-87-4,122.0,OC1=CC(C)=CC=C1C,CCCCCCC,Heptane,-1.1089920364487382,0.02531405,0.0,0.0,0.0,0.0,5.7495117,0.0,1.0,0.0,0.4,0.0,0.0,0.0,0.6666667,31.040745,0.0,4.0557094,-3.7285318,0.0,0.0,0.0,0.0,0.0,0.0,0.0,0.0,0.0,0.0,0.0,-0.115264796,3.1775076,0.0,5.1065273,0.6993622,0.13082933,2.97084,0.0,1.425,0.66619253,-0.1053516,-0.11409967,0.0,0.0,-0.12027522,-723.8817,1.222487,0.38001946,-35.883656,19.545706,0.0,2.6398892,-0.23607264,0.0,0.0,0.0,0.0,1.2770875,0.0,0.0,-0.30025998,0.0,-0.21283998,0.0,1.3982525,1.4183412,-7.2373037,0.0,0.0,-0.015485457,1.4463024,0.0,-149.84843,0.54486716,0.0,0.0,0.06416349,-0.9598338,0.0,264.56735,0.11111111,-0.31381708,1.4396733,0.0,0.0,0.0,0.02663946,0.085157715,0.7830549,-0.45563406,-0.28956816,0.46720725,-0.016746495,-0.26231307,0.9813084,0.0,0.5770733,0.0,0.0,-0.26150873,23.709778,0.7459158,-0.28151944,0.0,0.0,2.0193906,0.0,55.07202,0.9802303,2.7205827,0.0,3.3263605,0.0,1664.2589,-0.007843388,4.564429,-0.28558967,-0.18882324,-5.9141273,0.5160337,415.9598,0.0,1.248861,0.0,-0.2909627,3.0,2.5,0.0,0.34615386,-0.094776995,0.0,0.0,0.0,42.166206,5.1065273,0.0,-4.48538,20.703938,201.30339,0.0,0.64044946,0.0,3.8412037,0.0372678,11.126903,0.0,0.37555397,-2.095777,2.65,60.466175,1990.4578,634.7271,132.73685,9.100093,12.132734,0.0,4.0015163,0.19944598,-0.4829363,2.2437673,0.61007386,0.0,1.7448317,0.0,8.66325,5.7495117,0.8382353,43.56,1420.2416,1.6764706,0.0,0.0,362.0,43.56,540.0,0.0011244584,0.0,0.01751888,0.0,0.039650675,0.055555556,1.3646384,1.9894499,6.0028033,106.0,0.0,5.0124288,0.05887081,122.073166,10.17126,1471.3678,-0.09972299,31.883554,-0.1741511,56.44596,8.459718,1.0,1.4323206,5.7495117,0.37694973,27.400534,0.85708255,0.94091254,0.0,0.0,0.0,0.10497219,28.0,-0.3110071,0.98585516,0.2402331,2.2899408,0.7194271,0.0,1.704142,0.0,11.0,2.00904,398.0,0.51782465,10.947165,0.024597561,9.0,-0.1918422,5.7495117,3.196676,1.0,38.670723,0.0,-0.2330155,1.2049861,5.7385,-0.39049286,-3.559234,0.7600797,11.126903,33.40669,2.0265741,1658.4059,6.98615,1.4421333,3.1929681,3.1771057,3.502101,-0.56910795
27,0.06677496856076139,-0.9787299822011475,-0.766078908208676,3-Fluoroaniline,CB145,372-19-0,111.0484274,NC1=CC=CC(F)=C1,CCCCCCC,Heptane,-0.7181260629336201,0.077753971,0.0,0.0,0.0,0.0,5.6873865,0.0,1.0,0.0,0.25,4.390415,0.0,0.0,0.33333334,18.1991,0.0,3.2380953,-2.7142856,0.0,0.0,0.0,0.0,0.0,0.0,0.0,0.0,0.0,0.0,0.0,-0.10896496,3.0713708,0.0,5.7336674,0.8123932,0.15419501,3.0930693,0.0,0.8445076,0.7567211,-0.100292616,-0.10948788,0.0,0.0,-0.1292517,-398.1154,1.0005788,0.21361707,-22.204082,0.0,0.0,-8.0,-0.49433106,0.0,0.0,0.0,0.0,0.71428573,12.132734,0.0,0.06458333,0.0,-0.24358974,0.0,0.86402136,0.8595968,12.641724,0.0,0.0,0.046160255,0.89122456,0.0,118.53433,0.17153476,0.0,0.0,0.000747293,0.28469387,0.0,0.0,0.06666667,-0.28667852,0.8605394,0.0,0.0,0.0,-0.086419754,-0.3809524,0.96247864,-1.2965552,-1.0861245,0.18136789,0.042778164,0.16447109,0.6469452,0.0,0.13764313,0.0,0.0,0.16547315,29.499249,0.8965214,-0.68065804,0.0,1.7469124,0.0,0.0,0.0,0.64406735,2.5216405,0.0,3.6644979,0.0,0.0,0.022455199,3.3647482,-0.29964194,-0.15013774,-17.680273,0.5834481,0.0,1.0,0.71708775,0.0,-0.29774404,3.0,2.0,0.0,0.27131784,-0.20155503,0.0,0.0,0.0,0.85714287,4.390415,5.8172207,-6.9206347,22.635818,4.8893933,0.0,0.66230774,5.6873865,0.0,0.0,0.0,0.0,0.15921913,-1.6503173,4.483333,0.0,1780.5275,546.85065,111.71429,0.0,6.066367,0.0,0.0,2.399093,-1.3814924,0.6530612,0.61692077,0.0,0.0,0.0,9.064258,5.8172207,1.0,0.0,1428.8165,1.4166666,0.0,0.0,352.0,0.0,469.0,0.0030496833,0.0,-0.11203767,0.0,0.11257614,0.125,0.84867376,1.9771694,8.001915,89.666664,0.0,7.0040507,0.02653652,111.04842,9.25147,1338.6791,1.7959183,26.354326,0.18923004,43.302967,0.8892258,0.0,1.2145035,0.0,0.12037037,20.921326,-1.112309,1.1161906,0.0,0.0,0.0,0.08486738,51.0,-0.2405249,0.6429817,0.24033916,1.5550056,0.506593,0.0,1.8,0.0,9.666667,1.4079,350.0,0.5322198,10.960434,-0.21659246,0.0,0.19846146,0.0,4.408163,0.0,16.505411,0.0,-0.07985914,0.53061223,6.2083,-0.32725793,-1.7856203,0.57735026,0.0,39.06076,5.681574,369.8353,7.979592,1.4943805,2.712021,2.6512601,3.4372745,-0.65402013
28,0.02152813051435909,-0.9190626192242363,-0.9861225773051663,2-BROMO-1-PHENYLETHAN-1-OL,CA228,2425-28-7,201.1,C1=CC=C(C=C1)C(CBr)O,CCCCCCC,Heptane,-1.0078190370700664,0.073876231,0.0,0.0,0.0,0.0,5.3300896,0.0,1.0,0.0,0.5,5.1065273,0.0,0.0,1.0,5.5634513,0.0,-2.7195067,-3.2022161,0.0,0.0,0.0,0.0,0.0,0.0,0.0,0.0,0.0,0.0,0.0,-0.12712575,3.1290329,-0.37388888,0.0,0.7724646,-0.08772603,3.2813735,0.0,1.0586691,0.73582774,-0.110644504,-0.11943369,0.0,0.0,-0.10329729,-216.3113,1.0716791,0.26545715,-22.731472,9.086671,0.0,-6.4791408,-0.21274067,0.0,0.0,0.0,0.0,0.9665541,0.0,0.0,-0.16641371,0.0,-0.2246405,0.0,1.0457036,1.0718079,-1.6585398,0.0,0.0,-0.0060724337,0.68062913,0.0,89.243355,0.5068792,0.0,0.0,-0.12704563,-0.47304496,0.0,-388.70502,0.09259259,-0.30604228,1.0493265,0.0,0.0,0.0,-0.07352625,-0.20900454,0.91630733,-0.15856925,0.18593325,0.6259912,-0.0061464584,-0.004490448,0.93570554,6.103966,0.5890091,0.0,0.0,-0.0044203834,41.22482,0.8728483,-0.18834922,0.0,0.0,1.1080333,0.0,-72.249306,0.8750699,2.7756028,0.0,3.8924072,0.0,715.4022,-0.0046544373,7.897908,0.014574148,-0.1700454,-1.0960453,0.9180166,84.19655,0.0,1.0907756,0.2,0.011357048,3.0,1.5,0.0,0.1764706,0.048116636,2.0,0.0,15.929944,-263.32687,5.1065273,6.103966,-4.042073,36.74538,-1359.8981,0.0,0.6534017,5.3300896,0.0,0.030429032,5.5634513,0.0,0.18751214,-2.3756897,2.5521164,28.49904,3002.2678,5676.1733,1059.6842,9.282384,46.26178,0.0,3.3675573,-0.27867693,-0.15816288,1.5235457,0.6224118,0.0,1.738309,0.0,0.8538564,0.0,1.0301205,21.032,7803.875,1.5617956,0.0,0.0,1586.0,20.548,799.0,-0.0014451793,0.0,0.043548014,0.0,0.040777903,0.0,1.9438064,3.05878,6.0025983,89.32407,0.0,5.0060945,0.018518519,199.98367,16.739904,2418.9875,0.33518004,39.4307,-0.06572607,62.346096,17.262173,1.0,1.4358954,0.0,0.077779114,36.25842,-2.9680572,1.1651694,0.59425926,0.0,0.15277778,0.13884331,52.555557,-0.2405104,0.8882323,0.41567937,2.728265,1.138098,0.0,2.2857144,0.0,16.666666,2.1149,602.0,0.89800596,10.954383,0.08245414,4.0,-0.062033713,0.0,2.8425841,1.0,46.822792,0.0,-0.1837691,0.22109367,5.8170857,-0.09266909,-1.7882497,0.40236893,11.667418,298.74597,0.9577546,2546.4236,55.772854,1.908338,4.0013595,4.013768,4.2331223,-0.16016327
29,0.0070973138443080055,-0.92450764894863,-0.7241854738171478,"3,5-Difluorobenzonitrile",CA78,64248-63-1,139.0233555,N#CC1=CC(F)=CC(F)=C1,CCCCCCC,Heptane,-0.729361984728876,0.083371207,0.0,0.0,0.0,0.0,0.0,0.0,1.0,0.0,0.4,8.78083,0.0,0.0,0.6666667,12.132734,0.0,0.6178501,-2.5266273,0.0,0.0,0.0,0.0,0.0,0.0,0.0,0.0,0.0,0.0,0.0,1.7553715e-16,3.0925994,0.0,5.2618914,0.81800735,0.032518428,3.0269868,0.0,1.0446242,0.7259092,-6.363635700000001e-16,7.182551500000001e-17,0.0,0.0,-0.13298038,-228.79538,0.8701241,0.2038677,-37.597633,0.0,0.0,-15.95858,-0.05571992,0.0,0.0,0.0,0.0,0.6734529,0.0,0.0,0.4204344,0.0,-0.20808966,5.2618914,0.9123549,0.9353132,10.863412,0.0,0.0,0.08585155,0.6026747,0.0,0.16351055,0.24658929,0.0,0.0,-0.039977416,2.1046598,0.0,0.0,0.051282052,-0.39761698,0.9555427,0.0,0.0,0.0,-0.1677865,-0.8399252,0.9584249,-0.49809703,-2.7363667,0.2972536,0.08666331,0.55518925,0.51908964,11.632673,0.24831699,0.0,0.0,0.54501295,34.456543,0.85051733,-0.17332694,0.0,1.7271962,0.0,0.0,0.0,0.5053123,2.6612263,0.0,3.5465937,0.0,0.0,0.039519235,3.2290006,-0.4582113,-0.009104093,8.835799,0.6586326,0.0,1.0,1.2786456,0.0,-0.46313,3.0,3.0,0.0,0.33546326,-0.36048257,0.0,0.0,0.0,-3.2662723,8.78083,5.5634513,-0.724359,30.06339,-14.64028,0.0,0.71916485,6.066367,0.0,0.0,18.1991,0.0,0.20932148,-2.5594244,11.3125,0.0,2307.753,442.49887,89.07692,0.0,0.0,0.0,0.0,-5.960059,-0.43531182,0.591716,0.6381952,0.0,0.0,0.0,15.158189,11.634441,1.0555556,0.0,1930.9717,1.2163743,0.0,0.0,466.0,0.0,582.0,0.0031269335,0.0,-0.09320156,0.0,-1.2760206000000002e-16,0.1,0.9916549,1.9864961,8.0029545,181.0,0.0,7.005141,0.030212956,139.02336,11.58145,1670.7878,2.0118344,31.132702,0.21964298,39.35083,0.7334723,0.0,1.3797057,6.0692215,0.12765957,22.686636,-1.1415207,0.96826035,0.0,1.6286111,0.0625,0.07083249,199.0,-0.8584848,0.536691,0.24838465,1.769927,0.61838293,8.203148,2.2857144,0.0,11.666667,1.83648,420.0,0.49107802,10.954162,-0.28964835,0.0,0.26258692,0.0,5.005917,0.0,16.635324,0.0,-0.17510182,0.6390532,7.746125,-0.26631957,-0.8083527,0.7814744,5.5634513,34.038376,-0.0023148148,197.64113,6.852071,1.7451259,3.2819788,3.2141669,4.121668,-0.8140524
30,0.04945539315829593,-0.34343073548336656,-0.4465552202080589,"2,5-Dibromofuran",CB56,32460-00-7,223.8472389,BrC1=CC=C(Br)O1,CCCCCCC,Heptane,-0.46978881053440613,0.045817563,0.0,0.0,0.0,2.0,0.0,0.0,1.0,0.0,0.5,0.0,0.0,0.0,1.0,43.992622,0.0,-1.8097554,-0.80246913,0.0,0.0,0.0,0.0,0.0,0.0,0.0,0.0,0.0,9.339031,1.0,-0.08086452,3.0736969,0.0,4.417151,0.7195868,-0.13921195,2.2810361,0.0,0.0021557808,0.6593673,-0.14801325,-0.07927088,0.0,0.0,-0.061728396,44.87048,0.004554397,0.35881656,-20.25704,0.0,0.0,-18.276314,-0.035589088,0.0,0.0,0.0,0.0,0.8888889,0.0,0.0,1.0135199,0.0,-0.1,0.0,1.222477,0.6430934,1.1493516,0.0,0.0,-0.03097284,0.0,0.0,0.0,0.49871626,0.0,0.0,0.26244822,4.4319634,0.0,0.0,0.074074075,-0.5137687,0.9948362,0.0,0.0,0.0,-0.32150027,-1.4058702,0.7896901,0.0,-0.8105679,0.8554605,-0.06220247,0.13738656,0.8436374,0.0,0.6561133,0.0,0.0,0.11254191,56.23483,0.72360396,0.0,0.0,0.0,0.0,0.0,0.0,0.76383644,2.2810361,0.0,2.5032582,0.0,0.0,-0.03517606,6.573618,-0.39958024,-0.061637733,0.0,1.2564919,0.0,0.0,0.057153787,0.0,-0.39798322,2.0,2.0,0.0,0.2,-0.52636135,0.0,0.0,31.859888,-60.54321,4.417151,0.0,-0.32030177,56.23483,-418.9838,0.0,0.7195868,0.0,0.0,0.0,9.339031,0.0,0.46291006,-3.0198538,1.08782,0.0,5341.771,7935.9214,1458.2222,0.0,0.0,0.0,0.0,0.0,0.0,0.0,0.6593673,0.0,1.9476131,0.0,0.0,0.0,1.12,0.0,13604.355,0.8861538,0.0,0.0,2660.0,0.0,1208.0,0.004788512,0.0,-0.03573644,0.0,-0.0318441,0.14285715,1.3928127,3.060187,3.5245724,3.2634602,0.0,6.022396,0.13122267,223.84724,18.805012,2760.7883,0.0,50.015713,-0.23053738,20.529325,0.0,1.0,2.5620613,0.0,0.14126764,31.29303,-2.4185572,1.2668734,0.0,0.0,0.0,0.15475698,0.06721536,-0.29443452,0.90417635,0.730402,2.6067748,1.1225533,0.0,1.1851852,0.0,17.333334,2.8046,636.0,0.9961267,11.013967,-0.11113132,0.0,-0.444319,0.0,4.372843,0.0,13.369937,0.0,-0.27202332,0.6177412,6.5212,0.07471514,-0.03791775,0.57735026,0.0,881.76904,0.0,0.0,162.02469,3.4770033,2.3275967,2.3657823,2.7432868,0.3538044
31,0.09934218265428701,-0.5183560051214862,-0.5594346572657559,N-Phenyl-1-naphthylamine,CJ92,90-30-2,219.3,C1=CC=C(C=C1)NC2=CC=CC3=CC=CC=C32,CCCCCCC,Heptane,-0.6211400672837548,0.054501228,1.0,0.0,0.0,0.0,0.0,0.0,1.0,0.0,0.44444445,0.0,0.0,0.0,0.8,23.585325,0.0,-1.189537,-2.01,0.0,0.0,0.0,0.0,0.0,0.0,0.0,0.0,0.0,0.0,0.0,-0.016511038,3.2392654,0.0,0.0,0.5752278,-0.023324255,2.8225799,0.0,1.0563931,0.5303679,-0.0376578,-0.0016388748,0.0,0.0,-0.039411765,-238.90396,1.1644806,0.1644516,-14.208889,-15.848889,0.006449987,-12.16,-0.02982446,0.0,0.0069444445,0.0,0.0,2.0843108,10.772449,0.0,-0.13101538,-0.011607556,-0.08268202,0.0,1.316808,1.4148605,-0.4865432,0.013977,0.0,-0.0041265,0.58506584,0.0,27.644861,0.6821491,0.0,0.01713628,0.030561976,-0.36451387,1.0,-169.76038,0.053333335,-0.34664276,1.5670668,0.0,0.0,3.4468982,-0.08569818,-0.23843138,0.85388047,-0.378672,-0.117447555,0.9690971,-0.004505618,-0.08368161,1.0013472,0.0,1.2288045,0.0,0.0,-0.084106706,26.610723,0.7872895,-0.15295252,0.0,2.0759966,-2.56,0.0,-34.982224,0.937858,1.9055873,0.0,4.189898,-1.5422223,7040.183,-0.0016318226,7.232478,-0.0535885,-0.122302555,-1.2165741,0.94135517,-330.71094,1.0,1.4928906,0.10526316,-0.053962037,5.0,2.0,-15.275556,0.23809524,-0.04098398,2.0,-74.829765,59.914093,-36.693333,0.0,0.0,-0.9543827,15.596726,-180.16316,0.0,0.38834924,16.760996,0.0,0.044889595,11.374773,-0.010495208,0.31100422,-4.832247,2.3611112,328.47028,4017.2832,914.73785,189.46666,0.0,54.597305,0.0,63.63157,0.4758642,-0.373653,-3.12,0.3580633,0.0,0.0,0.0,10.349166,0.0,0.66542834,260.9475,2517.6309,1.2326889,0.0,0.0,638.0,255.31,1080.0,0.00020793942,0.0,-0.002064627,0.0,0.056350157,0.029411765,2.842432,2.0243654,2.526522,151.11111,0.0,4.251541,0.08576981,219.1048,18.257181,2948.3704,-1.67,54.37408,-0.1100136,84.67739,75.296326,0.0,1.5357598,0.0,0.1673822,51.61237,-2.3700256,1.1954951,0.0,0.0,0.21527778,0.0861343,211.0,-0.0777673,1.1086153,0.2410826,4.0177345,2.0113988,0.0,2.8797061,0.03224994,19.333334,4.5834,775.0,0.94328827,10.9159355,-0.003841744,111.0,-0.10534146,0.0,2.7822223,0.0,90.41246,45.0,-0.05302384,0.46569446,5.776656,-0.06612795,-1.1720093,0.67354023,0.0,30.491262,2.2621787,7961.7144,6.3155556,1.7204123,5.27983,5.1942387,6.1631594,-0.13865863
32,0.0032098738960979188,-0.18116496242236135,-0.8494486670062671,5-Bromo-2-methoxypyrimidine,CB16,14001-66-2,189.01,COc1ncc(Br)cn1,CCCCCCC,Heptane,-0.8521840704085419,0.007945486,0.0,0.0,0.0,2.0,6.0104647,0.0,1.0,0.0,0.5,0.0,0.0,0.0,1.0,15.929944,0.0,1.1533993,-0.53571427,1.0,0.0,0.0,0.0,0.0,0.0,0.0,0.0,0.0,0.0,1.0,-0.06399087,3.0594153,3.261574,4.736863,0.9107951,0.05492378,3.46772,0.0,2.1633296,0.8483796,-0.13811721,-0.03482468,0.0,0.0,-0.025510205,-502.6996,1.919543,0.3432238,-18.937824,13.219619,0.0,5.85342,-0.026777841,0.0,0.0,0.0,0.0,0.33963484,7.1097975,0.0,-0.83228403,0.0,-0.04950495,0.0,2.0634985,2.1630325,-9.696061,0.0,7.633102,-0.13884898,-2.6016738,0.0,389.6342,0.3807353,0.0,0.0,0.004953645,-3.9992087,0.0,-2488.6948,0.08080808,-0.49771938,1.9118677,9.9679575,2.0,0.0,0.058007997,0.27873427,0.9107951,0.43601733,0.019075511,0.29616934,-0.13046683,-0.009883489,0.84089273,11.582517,0.30137822,0.0,0.0,-0.019669225,51.060204,0.8483796,0.52931505,0.0,3.9861581,1.2397959,0.0,-475.16327,0.7594528,3.182006,0.0,3.46772,0.0,481.94785,-0.077672094,6.0643787,-0.21900636,-0.038810294,-2.6330853,1.0823244,-322.00912,2.0,1.5785409,0.11111111,-0.21953109,3.0,2.0,0.0,0.20134228,0.0072984295,1.0,0.0,25.897902,40.57143,4.736863,0.0,-0.37488976,48.915203,211.45958,0.0,0.83575237,12.393687,0.0,0.0,4.4727197,0.0,0.36815166,-2.3314772,3.1738684,25.030945,3581.26,5207.5864,967.4286,0.0,0.0,0.0,6.1011558,3.738718,0.3524245,0.2755102,0.77847946,0.0,1.8821734,7.633102,-8.528872,0.0,0.77227724,19.536,7759.41,0.9867987,0.0,0.0,1572.0,18.084,862.0,0.0074372054,0.0,0.0565007,0.0,-0.13152365,0.11111111,1.1887167,3.058966,3.5137858,47.608025,0.0,6.007551,0.039536823,187.95853,15.736575,2366.0708,-1.6530613,35.876564,-0.9247414,48.54808,11.10181,1.0,1.7437682,6.0104647,0.29871884,28.533268,3.7697399,0.49682355,0.0,0.0,0.11805555,0.09905972,31.037037,1.2325641,0.9226692,0.43316993,2.303656,0.61059743,0.0,2.0,0.0,15.333333,1.2477,576.0,1.0530101,11.037631,0.09896444,3.0,-0.8985161,6.0104647,4.8051004,0.0,19.392567,0.0,0.7606693,1.4353741,6.8248,-0.5355744,-4.9097795,0.49279928,0.0,371.97046,0.0,1701.9005,69.10204,2.0380907,3.0685513,2.987747,4.4712286,-1.3689277
33,0.03736600618446953,-1.0268069417889567,-1.0713008435029745,"2,5 dimethyl anilin",CC46,95-78-3,121.0891494,NC1=CC(C)=CC=C1C,CCCCCCC,Heptane,-1.0327125017748755,0.014267955,0.0,0.0,0.0,0.0,0.0,0.0,1.0,0.0,0.4,0.0,0.0,0.0,0.6666667,31.040745,0.0,3.3611112,-3.7175,0.0,0.0,0.0,0.0,0.0,0.0,0.0,0.0,0.0,0.0,0.0,-0.19781269,3.1775076,0.0,5.7336674,0.6961465,0.10185185,3.008695,0.0,1.3558162,0.6651163,-0.2139922,-0.1743295,0.0,0.0,-0.11265151,-766.9892,1.1415883,0.22159563,-40.27,15.21,0.0,-1.03,-0.17777778,0.0,0.0,0.0,0.0,1.3132331,5.5634513,0.0,-0.31034482,0.0,-0.20575619,0.0,1.3173764,1.3375866,-4.3333335,0.0,0.0,-0.010153431,1.0850122,0.0,6.597656,0.6026709,0.0,0.0,0.12829462,-0.81,0.0,229.62704,0.11111111,-0.32238817,1.3609563,0.0,0.0,0.0,-0.011958667,-0.031212121,0.7742932,-0.160328,-0.321832,0.52478623,-0.012223273,-0.29747757,1.3352357,0.0,0.6386217,0.0,0.0,-0.2968859,22.662872,0.7397797,-0.08906583,0.0,1.7448317,1.8225,0.0,47.61,1.2784961,2.7709506,0.0,3.3464394,0.0,1664.2589,-0.0034553465,4.661444,-0.32162577,-0.34408602,-1.75,0.48289344,380.58484,1.0,1.2556711,0.0,-0.32433048,3.0,2.5,0.0,0.3409091,-0.1700321,0.0,0.0,6.066367,42.97,0.0,0.0,-3.5555556,19.807323,206.5612,0.0,0.6411376,5.6873865,4.0462036,0.048112523,11.250837,0.0,0.39433756,-2.3105721,2.1969697,60.466175,1955.729,627.2197,130.2,0.0,12.132734,0.0,4.0015163,0.5,-0.18541574,2.835,0.61255944,0.0,0.0,0.0,9.913341,0.0,0.8242009,43.56,1361.4857,1.7351599,0.0,0.0,348.0,43.56,535.0,0.0016506471,0.0,-0.006540663,0.0,0.061361123,0.055555556,1.4347398,1.9900571,4.0052395,96.666664,0.0,4.178997,0.06200141,121.08915,10.0893345,1459.553,0.3825,32.111797,-0.21551347,60.1739,10.238169,0.0,1.4608107,0.0,0.43678162,28.411942,1.1952785,0.97852856,0.0,0.0,0.0,0.11036461,20.0,-0.36459363,1.409033,0.23307222,2.3600423,0.75990015,0.0,1.704142,0.0,11.0,1.88564,398.0,0.49479023,10.947339,-0.014745846,9.0,-0.23894113,0.0,2.61,0.0,44.24611,0.0,-0.2529878,1.14,5.5669546,-0.39269936,-3.5861154,0.7600797,11.126903,31.360987,8.878704,2398.0764,6.51,1.4205971,3.2396424,3.2199652,3.4613783,-0.6219497
34,0.2437695936361484,-0.5763711653620961,-0.21629203690800813,Ibuprofen,AP10,15687-27-1,206.1306798,CC(CC1=CC=C(C(C(O)=O)C)C=C1)C,CCCCCCC,Heptane,-0.2860134095215707,0.001740703,1.0,0.0,0.0,1.0,5.9179063,0.0,1.0,0.0,0.44444445,4.794537,0.0,1.0,0.8,30.389368,11.215359,24.994057,-4.4710746,0.0,0.0,0.0,0.0,0.0,0.0,0.0,0.0,0.0,0.0,0.0,-0.060240965,3.1629844,1.0433853,5.1065273,0.7325004,0.43093202,3.6950207,0.0,0.94482034,0.70929146,-0.055430084,-0.05980794,0.0,0.0,-0.07708749,-641.9901,1.0183171,0.24064331,-15.505051,-0.2543618,0.016460905,21.364555,-0.15082644,4.794537,0.020833334,0.0,0.0,1.3493735,5.5634513,0.0,-0.057240985,-0.6095608,-0.1399138,0.0,0.963779,0.9664504,-2.8336139,-0.61183655,0.0,-0.0032759411,-2.7093284,10.762425,-119.57566,1.0328959,-0.7716578,-0.35223523,0.2781805,-0.18365473,0.0,201.64226,0.08888889,-0.33416334,0.9692872,0.0,0.0,0.0,0.11480765,0.36835438,0.8302066,-0.32136023,-0.447802,1.1223643,-0.0024300735,0.017994648,0.77405006,5.9179063,1.1074042,0.0,0.0,0.017135268,28.1721,0.80390185,-0.18306376,5.9179063,0.0,-4.9669423,1.0,43.048668,0.7959684,2.897103,0.0,4.187889,-20.825527,6222.5073,-0.0027917016,7.750013,-0.12958576,-0.088517964,-3.2457657,0.34355977,122.66352,0.0,0.8061734,0.26666668,-0.1313582,5.0,4.0,-40.158863,0.3488372,-0.060539205,4.0,-189.80162,13.847474,43.303947,9.901065,0.0,-4.9772725,24.448708,200.62967,0.0,0.5743213,0.0,6.056901,0.074464835,11.984273,-0.03951041,0.81936663,-2.8349607,2.5801768,271.60736,3441.945,1116.1587,233.87878,8.850158,38.11294,0.0,38.764797,-6.8291755,-0.30269054,-1.5619835,0.5561242,0.0,3.3824055,10.762425,-15.365838,0.0,1.0666667,210.754,2405.6587,1.6537931,0.0,0.0,614.0,207.94,950.0,0.0022773433,0.0,-0.058227714,0.0,0.022129342,0.0,2.4940956,1.9896961,7.008291,227.05556,0.0,6.0220113,0.035679363,206.13068,17.174673,2481.709,-1.446281,53.803585,-0.03306302,121.935684,56.382343,2.0,1.3161558,0.0,0.35060102,45.54514,0.7186901,1.049799,1.0433853,0.0,0.4097222,0.11336798,146.0,0.027409472,0.7527832,0.23484887,4.399478,1.5563768,0.0,4.1652894,0.09876543,18.666666,3.0732,674.0,0.5267919,10.947672,-0.046192966,79.0,-0.02529652,0.0,3.2084482,1.0,95.45875,43.0,0.020964187,1.1248852,5.675,-0.1604744,-2.9692187,1.3048226,37.81602,33.82299,2.140134,9577.647,7.087236,1.3801558,6.265161,6.2494473,6.560544,-0.21246657
35,0.13970495173408468,-0.8826028577778942,-0.5599500972585258,"2-Ethylhexyl 2-cyano-3,3-diphenylacrylate",CA81,6197-30-4,361.48,CCCCC(CC)COC(=O)C(C#N)=C(c1ccccc1)c1ccccc1,CCCCCCC,Heptane,-0.49131145425537565,0.031571676,0.0,0.0,0.0,1.0,18.097893,0.0043389774,0.0,0.0,0.46153846,10.056429,0.0,0.0,0.85714287,23.465631,9.5314,10.813491,5.528464,0.0,0.0,0.0,0.0,0.0,0.0,0.0,0.0,0.0,0.0,0.0,0.026462875,3.2711015,4.2454953,4.736863,0.6774438,0.113826215,3.8986127,0.0,0.8388718,0.6473555,0.013400285,0.031970106,0.0,0.0,0.058194354,692.0205,0.85566884,0.18730786,130.98628,-145.03566,0.007558579,75.87929,0.04540172,0.0,0.015008961,0.0,0.0,1.8562746,0.0,0.08244057,0.27951977,-1.7468672,0.12359413,5.2618914,1.032948,1.0741063,33.796886,-1.6787192,0.0,0.013158007,1.8178008,12.753958,-626.0836,1.2103606,0.12333874,-0.7827552,0.18240073,0.91639537,0.0,-851.7911,0.06984127,-0.49070457,1.1891159,0.0,0.0,0.0,0.24362916,0.79872936,0.8036466,1.1330138,1.4693756,1.5881336,0.013322129,0.16064869,0.661993,6.606882,1.97018,0.0,0.0,0.16156888,31.455198,0.76795304,0.04945375,5.9179063,1.7441304,-3.1416323,1.0,-182.14677,0.683303,2.9645112,0.0,4.624896,-143.79973,21391.578,0.006149735,13.006606,0.16443059,0.037885953,16.071608,0.47308478,-563.6971,1.0,1.3466334,0.32142857,0.16275907,7.0,3.5,-117.318245,0.22959183,0.14840175,9.0,-551.3388,19.916697,-8.935528,9.5314,5.5731044,2.4970946,25.936296,-49.1438,0.0,0.5151293,5.5731044,4.6182504,0.067708336,36.81019,-0.04087032,0.53745747,-6.065053,2.946932,1010.22644,5941.0854,1778.0638,371.03705,0.0,93.77361,0.0,160.42902,-29.0645,0.8014329,-5.2602882,0.4922501,0.0,3.7783995,12.753958,-4.381275,11.642325,0.7579951,806.841,4197.905,1.1300111,0.0,0.0,1068.0,797.26,1639.0,-0.0006239006,0.0,-0.15412933,0.0,0.0051785177,0.0,4.684262,2.0122304,7.0082736,394.8889,0.0,6.0281367,0.032075014,361.2042,30.096163,4533.9604,-4.9324417,91.93891,0.16963534,210.5251,182.23917,2.0,1.3476514,6.0692215,0.3642754,81.434555,-0.67587423,1.046704,4.604,2.0889058,0.75,0.104094714,541.0,0.12969095,0.6589352,0.24086307,6.608818,3.0324032,9.744649,7.3955555,0.18896447,32.333332,5.77168,1212.0,1.0647972,10.933619,-0.11072279,299.0,0.17222248,0.0,3.2784636,0.0,176.8305,170.0,0.092420116,1.1942636,5.8801494,0.10147992,1.4471384,1.0203536,50.657665,32.92711,2.327315,22344.527,6.871056,1.5080473,9.017726,8.9477415,10.241057,0.009221355
36,0.07281271993370718,-0.7277067126318915,-1.0273974765878189,"2,5- Difluoronitrobenzene",CB125,364-74-9,159.0131848,FC1=CC=C(F)C([N+]([O-])=O)=C1,CCCCCCC,Heptane,-0.9576671281929854,0.030341015,0.0,0.0,0.0,0.0,12.132734,0.0,1.0,0.0,0.4,18.89515,5.8172207,0.0,0.6666667,12.132734,0.0,17.0,-2.607143,0.0,0.0,0.0,0.0,0.0,0.0,0.0,0.0,0.0,0.0,0.0,0.12347835,3.2048974,0.0,0.0,0.83575237,0.8095238,3.182006,0.0,1.4155627,0.76308465,0.143818,0.115187384,0.0,0.0,-0.12414966,-128.86856,1.4027827,0.31945595,-30.102041,0.0,0.0,3.7142856,-0.2777778,10.114318,0.0,0.0,0.0,0.6253491,0.0,0.0,-0.18869258,0.0,-0.16781609,4.390415,1.443484,1.4284358,-39.88889,0.0,0.0,-0.1135622,0.88956773,9.972871,8.040951,0.361466,0.0,0.0,0.02871251,-1.089796,0.0,0.0,0.1037037,-0.3863812,1.405481,0.0,0.0,0.0,0.030624263,0.17687075,0.96247864,1.8266755,-2.4451632,0.35987946,-0.0972051,-0.22661208,0.4692105,10.989678,0.35603896,0.0,0.0,-0.2206799,38.493214,0.8787922,1.255537,0.0,2.007379,0.0,1.0,0.0,0.4574324,2.842371,0.0,3.6644979,0.0,0.0,-0.069332935,3.265984,-0.14889519,-0.03486056,39.444443,0.6159647,0.0,1.0,1.0733341,0.09090909,-0.16078775,3.0,3.0,0.0,0.40965092,-0.26888016,1.0,0.0,0.0,3.4285715,13.704142,0.0,-3.8888888,34.41386,12.971168,0.0,0.7465474,0.0,0.0,0.026884405,6.066367,0.0,0.22829317,-2.4964652,13.283334,0.0,2827.7588,490.77197,100.85714,0.0,0.0,0.0,0.0,-19.444445,2.17812,1.2346939,0.681636,0.0,3.407238,8.999074,20.532978,5.8172207,1.0310345,0.0,2298.6436,1.1356322,0.0,0.0,558.0,0.0,712.0,-0.0024307,1.0,-0.16011985,0.0,0.009125886,0.13636364,1.140164,1.9785007,8.004004,265.66666,0.0,7.0062532,0.030212956,159.01318,13.245509,1974.7197,2.4132652,35.82785,-0.26406148,44.54808,1.069536,2.0,1.2282033,0.0,0.13957597,21.184145,-1.2778634,1.1052747,0.0,0.0,0.125,0.06706847,278.0,-0.48079693,0.47684437,0.23328458,1.897873,0.6481218,0.0,2.2145329,0.0,13.333333,1.873,496.0,1.0971079,10.960222,-0.23041157,0.0,-0.2672268,0.0,5.7755103,0.0,17.263332,0.0,-0.11063306,0.8061224,8.7508,-0.15712616,-1.5630089,0.9937935,0.0,35.05514,-0.8425926,370.36856,7.2040815,1.5131532,3.4083314,3.2780411,5.208016,-0.92772746
37,0.012424678190596705,-0.8608814612645396,-1.1760156581636343,(R)-(_)-1-Indanol,CA170,697-64-3,134.0,C1CC2=CC=CC=C2C1O,CCCCCCC,Heptane,-1.1908111029029935,0.07426343,0.0,0.0,0.0,0.0,0.0,0.0,1.0,0.0,0.4,5.1065273,0.0,0.0,0.6666667,23.968546,6.4208217,-2.5902777,-1.88,0.0,0.0,0.0,0.0,0.0,0.0,0.0,0.0,0.0,0.0,0.0,-0.10644258,3.2030647,1.7431945,0.0,0.8148974,-0.07000751,3.521928,0.0,1.2125926,0.76814765,-0.100701354,-0.101302475,0.0,0.0,-0.05081081,-321.02725,1.1388335,0.28937116,-26.56,2.56,0.0,-6.68,-0.17691799,0.0,0.0,1.0,1.0,0.8,5.5634513,0.0,-0.23593828,0.0,-0.0940941,0.0,1.2458884,1.2457676,-3.9652777,0.0,0.0,-0.0121951215,-0.18712436,0.0,397.6011,0.6631873,0.0,0.0,-0.04471505,-0.69365853,0.0,32.50026,0.08888889,-0.32045516,1.2407653,0.0,0.0,0.0,-0.06140835,-0.18054055,0.8843109,-0.0126825,-0.12951775,0.941423,-0.013725238,-0.25746918,0.9313725,6.103966,0.9282866,0.0,0.0,-0.2559921,25.988384,0.83357894,-0.04086,0.0,0.0,0.36,0.0,6.76,0.9261357,2.8414462,0.0,3.821928,0.0,184.91765,-0.0057504545,4.8770905,-0.08163265,-0.14933288,-0.44444445,0.8148189,51.964756,0.0,1.1723228,0.0,-0.08344179,3.0,1.5,0.0,0.31034482,-0.031532686,0.0,0.0,6.066367,-20.48,5.1065273,6.103966,-3.7152777,22.001558,-98.29599,0.0,0.6574487,0.0,0.0,0.060373005,18.405094,0.0,0.2766825,-1.7828255,2.5325203,6.718464,2507.9553,664.319,138.8,9.381343,24.265469,0.0,0.4446129,0.24305555,-0.03,3.36,0.6197316,0.0,1.7719638,0.0,-1.2438374,0.0,0.8377425,4.84,1564.5057,1.3551052,0.0,0.0,398.0,4.84,688.0,-0.00040417613,0.0,0.022605,0.0,0.09172424,0.0,2.1012056,1.9904386,6.0025983,103.833336,0.0,5.0060973,0.14511594,134.07317,11.17126,1759.896,1.8,34.722446,-0.14347202,70.43856,5.6498284,1.0,1.2749468,0.0,0.14512472,30.189432,-0.66752255,1.0893463,1.9411575,0.0,0.0625,0.10506028,57.0,-0.33962184,0.9405677,0.24385452,2.7532866,1.5346701,0.0,1.12,0.0,12.0,1.6662,470.0,0.7374602,10.949363,0.038029898,1.0,-0.1637373,0.0,2.94,1.0,45.05162,0.0,-0.25061715,0.42666668,5.7478046,-0.12242517,-1.7024053,0.5384517,23.651691,33.215946,2.4421296,2002.5657,6.94,1.5094717,3.431944,3.4162717,3.7315173,-0.19892886
38,0.020814078084708587,1.5921423084109714,1.0208140780847086,_-Caryophyllene,AP59,87-44-5,204.35,C/C/1=C\CCC(=C)[C@H]2CC([C@@H]2CC1)(C)C,CCCCCCC,Heptane,1.0,0.03871615,1.0,1.0,4.3015194,1.0,5.4149904,0.0,1.0,0.0,0.33333334,0.0,0.0,0.0,0.5,56.27865,0.0,1.6925954,-9.482577,0.0,0.0,0.0,0.0,0.0,0.0,0.0,0.0,0.0,0.0,0.0,0.04,4.0230813,8.901077,0.0,0.7682323,0.02227099,4.0604167,0.5676852,0.9245948,0.7530003,0.04,0.04,0.0,0.0,-0.12477075,-1354.7609,0.88336456,0.07624178,-36.52071,3.1242604,0.0,-23.39645,-0.04776668,0.0,0.0,0.0,0.0,1.2249856,37.67721,0.0,0.043715473,0.8698225,-0.2062786,0.0,0.994161,0.994161,-0.22066075,0.6390532,0.0,-0.00029706556,-1.0719312,0.0,-283.74048,2.8236063,3.107801,0.16839764,0.073355265,0.07708409,0.0,-555.1844,0.11111111,-0.3072258,0.994161,0.0,0.0,0.0,-0.17458495,-0.30784804,0.8337721,-0.13047338,-0.7371746,3.6381755,-0.00040433925,-0.013945579,1.235,0.0,4.541752,1.0,1.0,-0.013945579,25.896059,0.81724066,-0.025259646,17.250803,0.0,7.3320184,0.0,-114.64497,1.235,2.5226216,0.0,4.4068213,40.899406,12227.185,-7.828008e-05,9.290071,-0.23761682,-0.24970286,2.887574,0.61783975,-1032.389,0.0,0.8924754,0.0,-0.23761682,4.0,4.5,177.51479,0.26666668,-0.23761682,0.0,859.6403,33.426167,32.988167,0.0,0.0,-1.9106673,21.875961,159.74982,1.0,0.4772809,0.0,11.44589,0.38511002,11.835813,0.04226569,1.6346408,-3.7672448,1.5972222,506.41458,3661.228,1117.5323,230.76923,0.0,37.64864,0.083333336,59.213997,-0.2515204,-0.095857985,-8.058515,0.46781772,0.06666667,0.0,0.0,-5.822747,0.0,1.1074728,384.12,2188.3474,2.0347826,0.0,0.0,564.0,379.72,1041.0,-2.620231e-05,0.0,-0.041976802,0.0,0.04,0.0,4.567793,1.9595543,3.0326414,234.79167,0.083333336,4.0477157,0.6868867,204.1878,17.014154,2598.7961,-11.721893,58.062664,-0.013945579,158.35625,100.66367,0.0,1.3642346,0.0,0.39924496,52.50421,1.3280036,1.05625,6.4814944,0.0,0.63222224,0.15225977,139.0,-0.018044796,1.235,0.23820694,6.1917667,3.3220844,0.0,2.24,0.0,19.0,4.7252,720.0,1.0378956,10.985723,-0.2118936,88.0,-0.013945579,0.0,1.7633137,0.0,164.42654,0.0,-0.013945579,0.7039941,5.369796,-0.23761682,-6.0564113,1.8287882,52.87532,28.654676,3.675486,18101.283,5.9171596,1.3462617,5.8113575,5.8113575,5.8113575,-0.3074628
