,Unnamed: 0.6,Unnamed: 0.5,Unnamed: 0.4,Unnamed: 0.3,Unnamed: 0.2,Unnamed: 0.1,Unnamed: 0,name,container,cas,mw,solute_smiles,solvent_smiles,solvent_name,dm300,dm300_error,full_smiles,dm300_err,dm300_measured
22,57,69,92,73,89,89,89,4-Methoxyphenol,D3 ,150-76-5,124.0,COc1ccc(O)cc1,CO,Methanol,0.2065,0.0803,COc1ccc(O)cc1.CO,0.22101824468563022,0.4275182446856302
4,9,26,8,48,161,161,161,m-Cresol GPR RECTAPURÔøΩ,"CM23, Y1, Y10",108-39-4,108.0575149,CC1=CC(O)=CC=C1,CO,Methanol,0.7515,0.0726,CC1=CC(O)=CC=C1.CO,0.21287389376230126,0.5386261062376987
9,25,70,49,36,194,194,194,5-Bromoisatin,RSY5,87-48-9,226.03,C1=CC2=C(C=C1Br)C(=O)C(=O)N2,CO,Methanol,0.5185,0.042,C1=CC2=C(C=C1Br)C(=O)C(=O)N2.CO,0.20855610902335342,0.7270561090233534
24,2,41,16,75,339,339,340,,Z74,327-51-5,271.0,FC1=C(Br)C=C(F)C(Br)=C1,CO,Methanol,0.9292,0.0066,FC1=C(Br)C=C(F)C(Br)=C1.CO,0.20260748166935538,0.7265925183306446
16,48,56,50,59,193,193,193,"4-BROMOANILINE, 97%",Z133,106-40-1,172.0,C1=CC(=CC=C1N)Br,CO,Methanol,0.0826,0.0379,C1=CC(=CC=C1N)Br.CO,0.19284784518914028,0.2754478451891403
6,104,160,101,102,283,283,284,,Z73,122-95-2,166.0,CCOC1=CC=C(C=C1)OCC,CO,Methanol,0.4193,0.0192,CCOC1=CC=C(C=C1)OCC.CO,0.19127469562697563,0.6105746956269756
41,66,74,70,74,200,200,200,,Z22,626-05-1,235.0,BrC1=CC=CC(Br)=N1,CO,Methanol,0.1626,0.0173,BrC1=CC=CC(Br)=N1.CO,0.1887098313370851,0.3513098313370851
40,47,39,67,188,295,295,296,"1-NITRONAPHTHALENE, 99%",Z132,86-57-7,173.0,C1=CC=C2C(=C1)C=CC=C2[N+](=O)[O-],CO,Methanol,0.691,0.2065,C1=CC=C2C(=C1)C=CC=C2[N+](=O)[O-].CO,0.18727393995953867,0.5037260600404613
36,26,38,48,112,78,78,78,p-Anisidine,CQ24,104-94-9,123.0684139,NC1=CC=C(OC)C=C1,CO,Methanol,0.5134,0.0404,NC1=CC=C(OC)C=C1.CO,0.186696414011858,0.326703585988142
47,33,24,55,138,195,195,195,5-Bromoisatin,RSY5,87-48-9,224.9425405,O=C1NC2=C(C=C(Br)C=C2)C1=O,CO,Methanol,0.9111,0.0017,O=C1NC2=C(C=C(Br)C=C2)C1=O.CO,0.18404389294373125,0.7270561070562688
21,14,46,85,132,0,0,0,"3,5-Diaminobenzoic Acid",Z1,535-87-5,152.15,O=C(O)C1=CC(N)=CC(N)=C1,CO,Methanol,0.6452,0.0316,O=C(O)C1=CC(N)=CC(N)=C1.CO,0.1828211670741139,0.8280211670741139
58,74,109,110,168,345,345,346,,Z62,6161-50-8,214.0,COC1=CC(C2=CC=CC(OC)=C2)=CC=C1,CO,Methanol,0.6134,0.0178,COC1=CC(C2=CC=CC(OC)=C2)=CC=C1.CO,0.18122297422157096,0.7946229742215709
8,19,52,26,31,330,330,331,5-Bromo-1-methyl-1H-indole,RSY40,10075-52-2,210.07,CN1C=CC2=C1C=CC(=C2)Br,CO,Methanol,0.444,0.0477,CN1C=CC2=C1C=CC(=C2)Br.CO,0.18011311594806895,0.624113115948069
64,110,189,141,186,321,321,322,,Z182,619-44-3,262.0,COC(=O)C1=CC=C(C=C1)I,CO,Methanol,0.466,0.0198,COC(=O)C1=CC=C(C=C1)I.CO,0.1798336678802726,0.6458336678802726
75,124,148,96,164,377,377,378,"1,3,5-Trichlorobenzene",Z161,108-70-3,181.0,C1=C(C=C(C=C1Cl)Cl)Cl,CO,Methanol,0.5873,0.0287,C1=C(C=C(C=C1Cl)Cl)Cl.CO,0.17952070951055066,0.4077792904894494
14,16,30,39,24,170,170,170,8-Aminoquinoline,D43,578-66-5,144.0,NC1=C2N=CC=CC2=CC=C1,CO,Methanol,0.3295,0.0167,NC1=C2N=CC=CC2=CC=C1.CO,0.17911618511109717,0.5086161851110972
71,267,203,240,249,27,27,27,"5-Amino-1,3-dihydro-2Hbenzimidazol- 2-one",RSY7,95-23-8,149.15,C1=CC2=C(C=C1N)NC(=O)N2,CO,Methanol,0.7756,0.016,C1=CC2=C(C=C1N)NC(=O)N2.CO,0.17375918353964714,0.6018408164603528
42,79,106,127,89,146,146,146,"2-NITROPHENOL, 98%",Z125,88-75-5,139.0,OC1=CC=CC=C1[N+]([O-])=O,CO,Methanol,0.2626,0.0465,OC1=CC=CC=C1[N+]([O-])=O.CO,0.1729141130572972,0.4355141130572972
17,41,57,56,140,279,279,280,ACRIDINE,D30,260-94-6,179.0,C12=NC3=CC=CC=C3C=C1C=CC=C2,CO,Methanol,0.8719,0.0267,C12=NC3=CC=CC=C3C=C1C=CC=C2.CO,0.17049733919260446,0.7014026608073956
48,63,82,180,189,287,287,288,"2-BROMO-N,N-DIMETHYLANILINE",D38,698-00-0,200.0,CN(C)C1=CC=CC=C1Br,CO,Methanol,0.8211,0.0425,CN(C)C1=CC=CC=C1Br.CO,0.16433471983111625,0.6567652801688838
55,161,141,163,113,217,217,218,2-Bromoacetophenone,CJ57,2142-69-0,197.9680269,O=C(C1=CC=CC=C1)CBr,CO,Methanol,0.4722,0.0131,O=C(C1=CC=CC=C1)CBr.CO,0.1627018982248945,0.6349018982248945
45,30,48,74,83,180,180,180,(R)-(_)-1-Indanol,CA170,697-64-3,134.0,C1CC2=CC=CC=C2C1O,CO,Methanol,0.579,0.0104,C1CC2=CC=CC=C2C1O.CO,0.16250371584007173,0.7415037158400717
66,82,123,103,118,319,319,320,4-Iodoanisole,Z137,696-62-8,234.0,COC1=CC=C(C=C1)I,CO,Methanol,0.1803,0.0222,COC1=CC=C(C=C1)I.CO,0.16236337727780012,0.3426633772778001
50,45,66,53,93,376,376,377,"1-Bromo-4-methoxy-2,5-dimethylbenzene",CA57,58106-25-5,213.9993271,CC1=C(OC)C=C(C)C(Br)=C1,CO,Methanol,0.9763,0.0052,CC1=C(OC)C=C(C)C(Br)=C1.CO,0.16075527935739453,0.8155447206426054
80,73,103,111,125,352,352,353,4-iodotoluene,Z134,624-31-7,218.0,CC1=CC=C(C=C1)I,CO,Methanol,0.2112,0.0232,CC1=CC=C(C=C1)I.CO,0.16003831806729107,0.3712383180672911
18,42,40,58,45,361,361,362,,Z72,624-38-4,329.0,IC1=CC=C(I)C=C1,CO,Methanol,0.5044,0.0306,IC1=CC=C(I)C=C1.CO,0.15873787308596765,0.3456621269140323
37,68,43,40,81,129,129,129,"3-NITROPHENOL, REAGENTPLUS, 99%",D22,554-84-7,139.0,Oc1cccc(c1)[N+]([O-])=O,CO,Methanol,0.5975,0.0294,Oc1cccc(c1)[N+]([O-])=O.CO,0.15821227908305086,0.4392877209169492
23,38,31,44,41,49,49,49,5-Hydroxyindole,RSY99,1953-54-4,133.15,C1=CC2=C(C=CN2)C=C1O,CO,Methanol,0.3834,0.0481,C1=CC2=C(C=CN2)C=C1O.CO,0.15787926271719493,0.541279262717195
51,1,55,52,26,23,23,23,Adenine,AP16,73-24-5,135.0,C1=NC2=NC=NC(=C2N1)N,CO,Methanol,0.3781,0.0106,C1=NC2=NC=NC(=C2N1)N.CO,0.1569228636398664,0.5350228636398664
73,70,76,115,159,135,135,135,,Z29,91-76-9,187.0,NC1=NC(N)=NC(C2=CC=CC=C2)=N1,CO,Methanol,0.6407,0.0912,NC1=NC(N)=NC(C2=CC=CC=C2)=N1.CO,0.15643520876132977,0.7971352087613298
128,95,112,183,131,73,73,73,,Z42,7226-23-5,128.0,O=C1N(C)CCCN1C,CO,Methanol,0.7594,0.0411,O=C1N(C)CCCN1C.CO,0.1552732109373023,0.6041267890626977
28,29,22,31,52,30,30,30,4-Fluorobenzoic acid,CC4,456-22-4,140.0,O=C(O)C1=CC=C(F)C=C1,CO,Methanol,0.8535,0.0269,O=C(O)C1=CC=C(F)C=C1.CO,0.15508096385398384,0.6984190361460162
53,36,64,75,157,277,277,278,2-Methylanisole,CJ7,578-58-5,122.0,COC1=CC=CC=C1C,CO,Methanol,0.6572,0.0103,COC1=CC=CC=C1C.CO,0.15205760758430298,0.505142392415697
10,24,54,36,95,152,152,152,"2,6-Lutidine",CC50,108-48-5,107.0,CC1=NC(C)=CC=C1,CO,Methanol,0.6969,0.0174,CC1=NC(C)=CC=C1.CO,0.1493652666694012,0.5475347333305988
46,137,88,108,99,138,138,138,Nicotine ,CB94,54-11-5,162.1156984,CN1C(CCC1)C2=CN=CC=C2,CO,Methanol,0.9802,0.0021,CN1C(CCC1)C2=CN=CC=C2.CO,0.1489431990954757,0.8312568009045243
43,40,58,147,108,25,25,25,"3-AMINOPHENOL, 98%",D7,591-27-5,109.0,Nc1cccc(O)c1,CO,Methanol,0.2809,0.0603,Nc1cccc(O)c1.CO,0.14871745440904682,0.4296174544090468
15,23,14,32,44,154,154,154,"4,4'-Bipyridine",CA172,553-26-4,156.0687483,C1(C2=CC=NC=C2)=CC=NC=C1,CO,Methanol,0.7777,0.005,C1(C2=CC=NC=C2)=CC=NC=C1.CO,0.14732535481800246,0.6303746451819975
87,50,63,121,194,75,75,75,Tryptamine,CA80,61-54-1,160.1000484,NCCC1=CNC2=CC=CC=C12,CO,Methanol,0.9241,0.0124,NCCC1=CNC2=CC=CC=C12.CO,0.14417485362281834,0.7799251463771817
13,51,59,88,76,408,408,409,"4-amino-3,5-xylenol",CO1,3096-70-6,137.084064,CC1=CC(O)=CC(C)=C1N,CO,Methanol,0.6344,0.1194,CC1=CC(O)=CC(C)=C1N.CO,0.14395980341039127,0.7783598034103912
77,59,45,64,84,57,57,57,2-amino-5-nitrophenol,CP 28,121-88-0,154.0,C1=CC(=C(C=C1[N+](=O)[O-])O)N,CO,Methanol,0.7094,0.0179,C1=CC(=C(C=C1[N+](=O)[O-])O)N.CO,0.14344109607379119,0.5659589039262088
27,54,29,25,46,94,94,94,2-ACETYLPYRROLE,Z113,1072-83-9,109.0,CC(=O)C1=CC=CN1,CO,Methanol,0.3192,0.0362,CC(=O)C1=CC=CN1.CO,0.14304503007253733,0.4622450300725373
74,76,79,113,91,237,237,238,"3,4-Dichloroaniline",CB90,95-76-1,160.9799045,NC1=CC=C(Cl)C(Cl)=C1,CO,Methanol,0.2997,0.1004,NC1=CC=C(Cl)C(Cl)=C1.CO,0.14226281432374788,0.4419628143237479
97,116,173,137,156,318,318,319,4-Iodoanisole,Z137,696-62-8,234.0,COC1=CC=C(C=C1)I,CO,Methanol,0.2067,0.0757,COC1=CC=C(C=C1)I.CO,0.1359633772778001,0.3426633772778001
26,27,50,68,77,412,412,413,N-(1-naphthyl)ethylenediamine,Q8,551-09-7,184.1000484,C=C(N)NC1=C2C=CC=CC2=CC=C1,CO,Methanol,1.0,0.0,C=C(N)NC1=C2C=CC=CC2=CC=C1.CO,0.1357952561679795,0.8642047438320205
39,34,47,57,56,1,1,1,4-Aminobenzoic acid,D2,150-13-0,137.0,Nc1ccc(cc1)C(O)=O,CO,Methanol,0.8522,0.0125,Nc1ccc(cc1)C(O)=O.CO,0.13319456035779353,0.7190054396422064
113,145,150,290,242,21,21,21,,Z168,445-29-4,140.0,C1=CC=C(C(=C1)C(=O)O)F,CO,Methanol,0.6525,0.1069,C1=CC=C(C(=C1)C(=O)O)F.CO,0.13214068875664553,0.7846406887566455
69,61,81,72,167,329,329,330,"3-BROMOTOLUENE, 98%",D23,591-17-3,170.0,Cc1cccc(Br)c1,CO,Methanol,0.555,0.0206,Cc1cccc(Br)c1.CO,0.13154260473360024,0.4234573952663998
118,135,155,219,212,126,126,126,2-Phenylbutyric acid,CK18,90-27-7,164.2,CCC(C(=O)O)c1ccccc1,CO,Methanol,0.8243,0.0842,CCC(C(=O)O)c1ccccc1.CO,0.13135908560564502,0.955659085605645
25,60,61,66,43,366,366,367,,Z30,626-00-6,330.0,IC1=CC(I)=CC=C1,CO,Methanol,0.5589,0.0784,IC1=CC(I)=CC=C1.CO,0.13123486917416788,0.4276651308258321
67,55,128,105,150,255,255,256,,Z178,69113-59-3,229.0,C1=CC(=CC(=C1)I)C#N,CO,Methanol,0.2763,0.0165,C1=CC(=CC(=C1)I)C#N.CO,0.13073711734350973,0.4070371173435097
63,113,131,112,153,219,219,220,"1,2,3,4-Tetrahydro-1-naphthol",CB115,529-33-9,148.088815,OC1CCCC2=C1C=CC=C2,CO,Methanol,0.8781,0.0036,OC1CCCC2=C1C=CC=C2.CO,0.12971833749763972,0.7483816625023603
111,3,71,90,216,35,35,35,(R)-(_)-2-Phenylglycinol,D39,56613-80-0,137.0,N[C@H](C1=CC=CC=C1)CO,CO,Methanol,0.8851,0.0166,N[C@H](C1=CC=CC=C1)CO.CO,0.1291022030027824,0.7559977969972176
12,18,27,23,42,253,253,254,"5,5'-Dimethyl-2,2'-bipyridine",Z65,1762-34-1,184.0,CC1=CN=C(C=C1)C2=NC=C(C=C2)C,CO,Methanol,1.0,0.0,CC1=CN=C(C=C1)C2=NC=C(C=C2)C.CO,0.12821310502642902,0.871786894973571
121,147,209,197,260,346,346,347,,Z62,6161-50-8,214.0,COC1=CC(C2=CC=CC(OC)=C2)=CC=C1,CO,Methanol,0.6668,0.1051,COC1=CC(C2=CC=CC(OC)=C2)=CC=C1.CO,0.12782297422157096,0.7946229742215709
72,111,93,87,119,308,308,309,"1-Bromo-3,5-dimethoxybenzene",Z55,20469-65-2,217.0,COC1=CC(OC)=CC(Br)=C1,CO,Methanol,0.7756,0.0309,COC1=CC(OC)=CC(Br)=C1.CO,0.12334044510030451,0.6522595548996954
11,53,60,73,61,285,285,286,,Z165,24596-19-8,200.0,CC1=CC(=CC(=C1N)C)Br,CO,Methanol,0.576,0.0172,CC1=CC(=CC(=C1N)C)Br.CO,0.12328261971968524,0.6992826197196852
56,112,91,261,100,338,338,339,Dibenzyl ether,CA6,103-50-4,198.0,C(OCc1ccccc1)c2ccccc2,CO,Methanol,0.4606,0.1663,C(OCc1ccccc1)c2ccccc2.CO,0.12256557505653076,0.5831655750565308
78,72,110,99,191,236,236,237,"3,4-Dichloroaniline",CB90,95-76-1,160.98,NC1=CC=C(Cl)C(Cl)=C1,CO,Methanol,0.5644,0.0311,NC1=CC=C(Cl)C(Cl)=C1.CO,0.12243718567625211,0.4419628143237479
126,123,163,167,190,353,353,354,4-iodotoluene,Z134,624-31-7,218.0,CC1=CC=C(C=C1)I,CO,Methanol,0.2511,0.071,CC1=CC=C(C=C1)I.CO,0.12013831806729108,0.3712383180672911
296,308,326,291,309,101,101,101,Acetaminophen,D31,103-84-4,151.0,O=C(C)NC1=CC=C(O)C=C1,CO,Methanol,0.6925,0.0418,O=C(C)NC1=CC=C(O)C=C1.CO,0.11878774502181766,0.8112877450218177
38,56,49,47,35,247,247,248,5-Methylindole,RSY31 (CHECK),614-96-0,131.17,CC1=CC2=C(C=C1)NC=C2,CO,Methanol,0.3833,0.0561,CC1=CC2=C(C=C1)NC=C2.CO,0.118539751815951,0.501839751815951
83,122,100,93,123,309,309,310,"1-Bromo-3,5-dimethoxybenzene",Z55,20469-65-2,217.0,COC1=CC(OC)=CC(Br)=C1,CO,Methanol,0.7704,0.0056,COC1=CC(OC)=CC(Br)=C1.CO,0.11814044510030453,0.6522595548996954
76,69,101,79,106,24,24,24,Benzoic acid,CL18,65-85-0,122.12,O=C(O)c1ccccc1,CO,Methanol,0.7186,0.0018,O=C(O)c1ccccc1.CO,0.11770207799673704,0.600897922003263
130,155,98,150,178,315,315,316,Diphenylamine,CQ1,122-39-4,169.0891494,C1(NC2=CC=CC=C2)=CC=CC=C1,CO,Methanol,0.4058,0.0619,C1(NC2=CC=CC=C2)=CC=CC=C1.CO,0.11689994422612199,0.522699944226122
124,77,143,102,151,273,273,274,"2,4,6-TRICHLOROPHENOL, 98%",CC5,88-06-2,195.0,Oc1c(Cl)cc(Cl)cc1Cl,CO,Methanol,0.7869,0.0193,Oc1c(Cl)cc(Cl)cc1Cl.CO,0.11665979700045737,0.6702402029995427
166,259,238,270,378,394,394,395,isodrine,rb57,465-73-6,365.0,C1C2C=CC1C3C2C4(C(=C(C3(C4(Cl)Cl)Cl)Cl)Cl)Cl,CO,Methanol,0.9998,0.0,C1C2C=CC1C3C2C4(C(=C(C3(C4(Cl)Cl)Cl)Cl)Cl)Cl.CO,0.11287388700596823,0.8869261129940318
122,78,197,251,214,142,142,142,"3-NITROPHENOL, REAGENTPLUS, 99%",Z127,554-84-7,139.0,OC1=CC=CC([N+]([O-])=O)=C1,CO,Methanol,0.3279,0.0507,OC1=CC=CC([N+]([O-])=O)=C1.CO,0.11138768944359578,0.4392876894435958
44,28,25,30,62,55,55,55,4-Hydroxy-3-methoxybenzyl alcohol,CO31,498-00-0,154.0629942,COC1=CC(CO)=CC=C1O,CO,Methanol,0.9663,0.005,COC1=CC(CO)=CC=C1O.CO,0.11135769096284642,0.8549423090371536
93,87,77,100,222,218,218,219,"1-CHLORO-2-NITROBENZENE, 99%",D17,88-73-3,157.0,[O-][N+](=O)c1ccccc1Cl,CO,Methanol,0.4511,0.0813,[O-][N+](=O)c1ccccc1Cl.CO,0.11128074377329983,0.3398192562267002
89,91,89,181,162,358,358,359,Fluorene,CB78,86-73-7,166.22,c1ccc2c(c1)Cc1ccccc1-2,CO,Methanol,0.7294,0.0074,c1ccc2c(c1)Cc1ccccc1-2.CO,0.11069854712150207,0.8400985471215021
84,94,181,145,117,370,370,371,,Z160,5111-65-9,237.0,COC1=CC2=C(C=C1)C=C(C=C2)Br,CO,Methanol,0.5255,0.0089,COC1=CC2=C(C=C1)C=C(C=C2)Br.CO,0.11044125457591003,0.63594125457591
194,120,96,204,322,153,153,153,2-Methyl-3-nitroaniline,CJ58,603-83-8,152.06,NC1=CC=CC([N+]([O-])=O)=C1C,CO,Methanol,0.6482,0.0335,NC1=CC=CC([N+]([O-])=O)=C1C.CO,0.10999834340591874,0.5382016565940813
65,107,99,132,104,356,356,357,,Z170,95-63-6,120.0,CC1=CC(=C(C=C1)C)C,CO,Methanol,0.5659,0.0412,CC1=CC(=C(C=C1)C)C.CO,0.10754144038888325,0.6734414403888832
120,86,125,126,193,390,390,391,,Z40,1074-24-4,263.0,CC1=CC(Br)=C(C)C=C1Br,CO,Methanol,0.8935,0.0082,CC1=CC(Br)=C(C)C=C1Br.CO,0.10645210328380839,0.7870478967161916
29,44,36,35,34,44,44,44,5-Aminoindole,CA38,5192-03-0,132.16,Nc1ccc2[nH]ccc2c1,CO,Methanol,0.3168,0.1037,Nc1ccc2[nH]ccc2c1.CO,0.10479300823251525,0.4215930082325153
226,119,182,151,263,251,251,252,"3,4,5-TRIMETHYLPHENOL, 97%",CA5,527-54-8,137.0,Cc1cc(O)cc(C)c1C,CO,Methanol,0.9166,0.0069,Cc1cc(O)cc(C)c1C.CO,0.10399655078202541,0.8126034492179746
62,35,11,71,79,265,265,266,"4,4'-BIPHENYLDICARBONITRILE",Z118,1591-30-6,204.0,C1=CC(=CC=C1C#N)C2=CC=C(C=C2)C#N,CO,Methanol,0.8655,0.0206,C1=CC(=CC=C1C#N)C2=CC=C(C=C2)C#N.CO,0.10387683679228776,0.7616231632077123
170,190,267,312,406,22,22,22,"3,5-DIHYDROXYBENZYL ALCOHOL, 99%",D12,29654-55-5,140.0,OCc1cc(O)cc(O)c1,CO,Methanol,0.7838,0.0122,OCc1cc(O)cc(O)c1.CO,0.10307740797968368,0.8868774079796837
192,235,299,258,388,307,307,308,"4,4'-Difluorobenzophenone",CO28,345-92-6,218.0,O=C(C1=CC=C(F)C=C1)C2=CC=C(F)C=C2,CO,Methanol,0.7347,0.018,O=C(C1=CC=C(F)C=C1)C2=CC=C(F)C=C2.CO,0.10191082746723334,0.8366108274672334
229,349,152,175,279,397,397,398,Oleylamine,Z164,112-90-3,267.0,CCCCCCCCC=CCCCCCCCCN,CO,Methanol,0.9325,0.0041,CCCCCCCCC=CCCCCCCCCN.CO,0.10154853939638231,1.0340485393963823
260,327,175,104,245,158,158,158,"3,5-Difluorobenzonitrile",CA78,64248-63-1,139.0233555,N#CC1=CC(F)=CC(F)=C1,CO,Methanol,0.6629,0.0185,N#CC1=CC(F)=CC(F)=C1.CO,0.10136008078107761,0.5615399192189224
104,108,83,82,103,31,31,31,6-aminonaphthalene-2-carboxylic acid,Z89,116668-47-4,187.0,C1=CC2=C(C=CC(=C2)N)C=C1C(=O)O,CO,Methanol,0.9697,0.0019,C1=CC2=C(C=CC(=C2)N)C=C1C(=O)O.CO,0.10044804759064818,0.8692519524093518
60,276,271,249,146,298,298,299,"2,5-Dibromofuran",CB56,32460-00-7,223.8472389,BrC1=CC=C(Br)O1,CO,Methanol,0.2301,0.0567,BrC1=CC=C(Br)O1.CO,0.10004441034588171,0.3301444103458817
154,138,279,189,265,274,274,275,1-iodo-4-nitrobenzene,Z136,636-98-6,249.0,O=[N+](C1=CC=C(I)C=C1)[O-],CO,Methanol,0.2366,0.0542,O=[N+](C1=CC=C(I)C=C1)[O-].CO,0.09776224885174747,0.3343622488517475
95,37,75,76,145,222,222,223,4-bromophenol,Z135,106-41-2,173.0,C1=CC(=CC=C1O)Br,CO,Methanol,0.4809,0.0136,C1=CC(=CC=C1O)Br.CO,0.09762208564604757,0.3832779143539524
133,309,378,296,246,302,302,303,Methyl 4-bromobenzoate,CJ70,619-42-1,215.05,BrC1=CC=C(C(OC)=O)C=C1,CO,Methanol,0.5307,0.0146,BrC1=CC=C(C(OC)=O)C=C1.CO,0.09712660970277442,0.6278266097027744
142,261,217,347,355,125,125,125,,Z24,14753-51-6,268.0,OC1=CC(Br)=C(O)C=C1Br,CO,Methanol,0.7556,0.0382,OC1=CC(Br)=C(O)C=C1Br.CO,0.09677518496910831,0.8523751849691084
185,125,65,178,278,106,106,106,,Z15,623-26-7,256.0,N#CC1=CC=C(C#N)C=C1,CO,Methanol,0.4892,0.0786,N#CC1=CC=C(C#N)C=C1.CO,0.09536576555725101,0.393834234442749
94,140,105,200,195,272,272,273,"2,4,6-TRICHLOROPHENOL, 98%",CC5,88-06-2,195.0,Oc1c(Cl)cc(Cl)cc1Cl,CO,Methanol,0.5751,0.107,Oc1c(Cl)cc(Cl)cc1Cl.CO,0.09514020299954273,0.6702402029995427
115,99,222,172,166,230,230,231,"1-CHLORO-4-NITROBENZENE, 99%",D20,100-00-5,157.0,[O-][N+](=O)c1ccc(Cl)cc1,CO,Methanol,0.1831,0.0213,[O-][N+](=O)c1ccc(Cl)cc1.CO,0.0930584190882914,0.2761584190882914
131,67,229,117,197,76,76,76,"thiophene-2,5-dicarbaldehyde",Z78,932-95-6,140.0,C1=C(SC(=C1)C=O)C=O,CO,Methanol,0.5226,0.014,C1=C(SC(=C1)C=O)C=O.CO,0.09188918608467322,0.6144891860846732
134,143,231,218,171,239,239,240,,Z162,99-99-0,137.0,CC1=CC=C(C=C1)[N+](=O)[O-],CO,Methanol,0.2697,0.0275,CC1=CC=C(C=C1)[N+](=O)[O-].CO,0.09151805213318032,0.3612180521331803
159,187,286,273,187,173,173,173,4-methoxybenzaldehyde,Z90,123-11-5,136.0,COC1=CC=C(C=C1)C=O,CO,Methanol,0.3365,0.0159,COC1=CC=C(C=C1)C=O.CO,0.09097975277445236,0.4274797527744524
135,233,225,253,264,270,270,271,Losartan potassium salt,AP53,124750-99-8,460.1180687,OCC1=C(Cl)N=C(CCCC)N1CC2=CC=C(C=C2)C3=C(C=CC=C3)C4=NN=NN4,CO,Methanol,0.9542,0.0012,OCC1=C(Cl)N=C(CCCC)N1CC2=CC=C(C=C2)C3=C(C=CC=C3)C4=NN=NN4.CO,0.09035255077186932,1.0445525507718694
57,71,67,77,121,103,103,103,Terephthalaldehyde,S53,623-27-8,134.0367794,O=CC1=CC=C(C=O)C=C1,CO,Methanol,0.5979,0.0111,O=CC1=CC=C(C=O)C=C1.CO,0.08980908942005761,0.5080909105799424
81,15,72,69,136,293,293,294,"DIETHYL 1,4-DIHYDRO-2,6-DIMETHYL-3,5-PYRIDINEDICARBOXYLATE",CK27,1149-23-1,253.29,CCOC(=O)C1=C(C)NC(C)=C(C(=O)OCC)C1,CO,Methanol,1.0,0.0,CCOC(=O)C1=C(C)NC(C)=C(C(=O)OCC)C1.CO,0.08923971448867118,0.9107602855113288
52,43,111,247,143,175,175,175,"3,5-Difluorobenzonitrile",CA78,64248-63-1,139.0233555,N#CC1=CC(F)=CC(F)=C1,CO,Methanol,0.4731,0.0136,N#CC1=CC(F)=CC(F)=C1.CO,0.08843991921892241,0.5615399192189224
234,163,208,193,339,201,201,201,"2,5 dimethyl anilin",CC46,95-78-3,121.0891494,NC1=CC(C)=CC=C1C,CO,Methanol,0.6869,0.0208,NC1=CC(C)=CC=C1C.CO,0.08835691429626669,0.5985430857037333
220,207,296,340,343,174,174,174,4-Benzoylbenzoic acid,Z106,611-95-0,226.0,C1=CC=C(C=C1)C(=O)C2=CC=C(C=C2)C(=O)O,CO,Methanol,0.8486,0.039,C1=CC=C(C=C1)C(=O)C2=CC=C(C=C2)C(=O)O.CO,0.08623730642326843,0.9348373064232685
103,148,290,383,196,133,133,133,,Z174,327-92-4,204.0,C1=C(C(=CC(=C1[N+](=O)[O-])F)F)[N+](=O)[O-],CO,Methanol,0.5337,0.0157,C1=C(C(=CC(=C1[N+](=O)[O-])F)F)[N+](=O)[O-].CO,0.08578057666979377,0.6194805766697937
68,58,42,51,64,117,117,117,"4,4'-Diaminobenzophenone",Z67,611-98-3,212.0,C1=CC(=CC=C1C(=O)C2=CC=C(C=C2)N)N,CO,Methanol,0.9515,0.0071,C1=CC(=CC=C1C(=O)C2=CC=C(C=C2)N)N.CO,0.0850804920276459,0.8664195079723541
96,131,354,160,133,107,107,107,,Z15,623-26-7,256.0,N#CC1=CC=C(C#N)C=C1,CO,Methanol,0.3099,0.0169,N#CC1=CC=C(C#N)C=C1.CO,0.083934234442749,0.393834234442749
85,62,68,222,96,139,139,139,,Z45,4774-14-5,149.0,ClC1=CN=CC(Cl)=N1,CO,Methanol,0.159,0.0495,ClC1=CN=CC(Cl)=N1.CO,0.0834721742373205,0.2424721742373205
33,65,122,162,53,141,141,141,Tetracycline hydrochloride,AP7,64-75-5,480.1299434,OC1=CC=CC2=C1C(C3=C(O)[C@@](C(C(C(N)=O)=C(O)[C@H]4N(C)C)=O)(O)[C@@]4([H])C[C@]3([H])[C@@]2(O)C)=O,CO,Methanol,0.836,0.0777,OC1=CC=CC2=C1C(C3=C(O)[C@@](C(C(C(N)=O)=C(O)[C@H]4N(C)C)=O)(O)[C@@]4([H])C[C@]3([H])[C@@]2(O)C)=O.CO,0.08265378680114299,0.918653786801143
59,102,95,114,78,367,367,368,"1,3-Diiodobenzene",Z35,626-00-6,329.0,IC1=CC(I)=CC=C1,CO,Methanol,0.5103,0.0075,IC1=CC(I)=CC=C1.CO,0.0826348691741679,0.4276651308258321
119,247,184,134,181,242,242,243,"1,3,5-Trimethoxybenzene",CK30,621-23-8,168.0786442,COC1=CC(OC)=CC(OC)=C1,CO,Methanol,0.7592,0.0357,COC1=CC(OC)=CC(OC)=C1.CO,0.08198179261361982,0.6772182073863802
181,364,313,288,329,348,348,349,Dipyridamole,AP5,58-32-2,504.0,OCCN(C1=NC2=C(C(N3CCCCC3)=N1)N=C(N(CCO)CCO)N=C2N4CCCCC4)CCO,CO,Methanol,0.9984,0.0002,OCCN(C1=NC2=C(C(N3CCCCC3)=N1)N=C(N(CCO)CCO)N=C2N4CCCCC4)CCO.CO,0.08177443832876596,1.080174438328766
88,114,156,116,170,38,38,38,SACCHARIN,CB2,81-07-2,183.0,O=C1N[S](=O)(=O)c2ccccc12,CO,Methanol,1.0,0.0,O=C1N[S](=O)(=O)c2ccccc12.CO,0.08106654098076538,0.9189334590192346
61,85,102,81,177,72,72,72,,Z36,7226-23-5,128.0,O=C1N(C)CCCN1C,CO,Methanol,0.5232,0.0295,O=C1N(C)CCCN1C.CO,0.08092678906269768,0.6041267890626977
101,100,107,135,176,342,342,343,4-Iodotoluene,CB87,624-31-7,218.03,Cc1ccc(I)cc1,CO,Methanol,0.4509,0.0949,Cc1ccc(I)cc1.CO,0.07966168193270895,0.3712383180672911
107,167,139,213,116,104,104,104,"2,3,5,6-Tetrafluoro-1,4-benzenedimethanol",Z85,92339-07-6,210.0,C(C1=C(C(=C(C(=C1F)F)CO)F)F)O,CO,Methanol,0.8138,0.0392,C(C1=C(C(=C(C(=C1F)F)CO)F)F)O.CO,0.07861531760948737,0.8924153176094873
264,52,53,106,174,290,290,291,,Z59,122-95-2,166.0,CCOC1=CC=C(OCC)C=C1,CO,Methanol,0.6885,0.0197,CCOC1=CC=C(OCC)C=C1.CO,0.07792531224136268,0.6105746877586373
147,199,264,244,141,235,235,236,2-nitrotoluene,Z131,88-72-2,137.0,CC1=CC=CC=C1[N+](=O)[O-],CO,Methanol,0.3405,0.0468,CC1=CC=CC=C1[N+](=O)[O-].CO,0.07764333986247707,0.4181433398624771
30,98,80,125,65,296,296,297,"4,4'-(hexafluoroisopropylidene) dianiline",CA18,1095-78-9,334.0904677,FC(F)(F)C(C1=CC=C(C=C1)N)(C2=CC=C(C=C2)N)C(F)(F)F,CO,Methanol,0.8414,0.0088,FC(F)(F)C(C1=CC=C(C=C1)N)(C2=CC=C(C=C2)N)C(F)(F)F.CO,0.07752184535183915,0.9189218453518392
162,253,268,387,290,244,244,245,Dimethyl aminoterephthalate,Z32,5372-81-6,209.0,O=C(OC)C1=CC=C(C(OC)=O)C=C1N,CO,Methanol,0.8011,0.0048,O=C(OC)C1=CC=C(C(OC)=O)C=C1N.CO,0.07747758569779617,0.8785775856977962
34,89,92,119,88,284,284,285,,Z165,24596-19-8,200.0,CC1=CC(=CC(=C1N)C)Br,CO,Methanol,0.6225,0.0424,CC1=CC(=CC(=C1N)C)Br.CO,0.07678261971968514,0.6992826197196852
82,101,85,80,38,91,91,91,Sesamol,CJ74,533-31-3,138.12,C1OC2=C(O1)C=C(C=C2)O,CO,Methanol,0.8824,0.0204,C1OC2=C(O1)C=C(C=C2)O.CO,0.0764553681556086,0.8059446318443914
252,234,332,239,334,53,53,53,Aniline,CP37,62-53-3,93.13,C1=CC=C(C=C1)N,CO,Methanol,0.2119,0.0208,C1=CC=C(C=C1)N.CO,0.07600037709338692,0.1358996229066131
223,218,266,272,270,341,341,342,4-Iodotoluene,CB87,624-31-7,218.03,Cc1ccc(I)cc1,CO,Methanol,0.2957,0.0163,Cc1ccc(I)cc1.CO,0.07553831806729105,0.3712383180672911
106,297,212,146,114,147,147,147,N-Phenylmaleimide,D41,941-69-5,173.0,O=C(N1C2=CC=CC=C2)C=CC1=O,CO,Methanol,0.5874,0.0526,O=C(N1C2=CC=CC=C2)C=CC1=O.CO,0.07465616331638392,0.662056163316384
167,192,116,188,256,240,240,241,"1-CHLORO-4-NITROBENZENE, 99%",Z128,100-00-5,157.0,O=[N+](C1=CC=C(Cl)C=C1)[O-],CO,Methanol,0.3506,0.012,O=[N+](C1=CC=C(Cl)C=C1)[O-].CO,0.07444154943835524,0.2761584505616448
176,266,278,369,300,243,243,244,Dimethyl aminoterephthalate,Z32,5372-81-6,209.0,O=C(OC)C1=CC=C(C(OC)=O)C=C1N,CO,Methanol,0.8054,0.0252,O=C(OC)C1=CC=C(C(OC)=O)C=C1N.CO,0.0731775856977962,0.8785775856977962
221,317,281,348,327,116,116,116,"1,3,5-tris(4-carboxyphenyl)benzene",CA157,50446-44-1,438.43,O=C(O)c1ccc(-c2cc(-c3ccc(C(=O)O)cc3)cc(-c3ccc(C(=O)O)cc3)c2)cc1,CO,Methanol,0.9968,0.0049,O=C(O)c1ccc(-c2cc(-c3ccc(C(=O)O)cc3)cc(-c3ccc(C(=O)O)cc3)c2)cc1.CO,0.073125707322505,1.069925707322505
129,205,334,390,199,387,387,388,,Z49,14348-75-5,336.0,O=C1C2=C(C3=C1C=C(Br)C=C3)C=CC(Br)=C2,CO,Methanol,0.8055,0.0242,O=C1C2=C(C3=C1C=C(Br)C=C3)C=CC(Br)=C2.CO,0.07246561781476946,0.8779656178147695
91,173,146,232,172,269,269,270,"2,3,5-TRIMETHYLPNEOL",Z151,697-82-5,136.0,CC1=CC(=C(C(=C1)O)C)C,CO,Methanol,0.7515,0.0152,CC1=CC(=C(C(=C1)O)C)C.CO,0.0724314959315302,0.8239314959315301
146,105,226,198,144,108,108,108,Phthalimide,D34,85-41-6,147.0,O=C(N1)C2=CC=CC=C2C1=O,CO,Methanol,0.6412,0.0312,O=C(N1)C2=CC=CC=C2C1=O.CO,0.07123648459376308,0.7124364845937631
174,195,119,194,266,229,229,230,"1-CHLORO-4-NITROBENZENE, 99%",D20,100-00-5,157.0,[O-][N+](=O)c1ccc(Cl)cc1,CO,Methanol,0.3473,0.1145,[O-][N+](=O)c1ccc(Cl)cc1.CO,0.07114158091170858,0.2761584190882914
49,149,108,164,105,166,166,166,,Z183,1124-11-4,136.0,CC1=C(N=C(C(=N1)C)C)C,CO,Methanol,0.6975,0.0158,CC1=C(N=C(C(=N1)C)C)C.CO,0.07090720518603699,0.768407205186037
177,200,365,304,368,17,17,17,4-AMINO-3-NITROBENZOIC ACID,Z148,1588-83-6,182.0,C1=CC(=C(C=C1C(=O)O)[N+](=O)[O-])N,CO,Methanol,0.7007,0.0302,C1=CC(=C(C=C1C(=O)O)[N+](=O)[O-])N.CO,0.07074146463321473,0.7714414646332147
79,96,62,37,29,250,250,251,Phenylacetylene,RB13,536-74-3,102.13,C#Cc1ccccc1,CO,Methanol,0.1112,0.0351,C#Cc1ccccc1.CO,0.0705092775842833,0.1817092775842833
227,329,289,353,317,122,122,122,"4-[3,5-bis(4-carboxyphenyl)phenyl]benzoic acid",Z80,50446-44-1,484.0,C1=CC(=CC=C1C2=CC(=CC(=C2)C3=CC=C(C=C3)C(=O)O)C4=CC=C(C=C4)C(=O)O)C(=O)O,CO,Methanol,1.0,0.0,C1=CC(=CC=C1C2=CC(=CC(=C2)C3=CC=C(C=C3)C(=O)O)C4=CC=C(C=C4)C(=O)O)C(=O)O.CO,0.0699257387958585,1.0699257387958585
70,75,78,78,87,12,12,12,Mandelic acid,CR18,90-64-2,152.0,OC(C(O)=O)C1=CC=CC=C1,CO,Methanol,0.9999,0.0,OC(C(O)=O)C1=CC=CC=C1.CO,0.06947824768849997,0.9304217523115
161,180,224,192,238,214,214,215,"2,2,2-Trimethylpropionanilide",D36,61495-04-3,191.0,O=C(NC1=C(C)C=CC=C1)C(C)(C)C,CO,Methanol,0.9939,0.0011,O=C(NC1=C(C)C=CC=C1)C(C)(C)C.CO,0.06789919948037237,0.9260008005196276
152,117,276,215,253,254,254,255,,Z178,69113-59-3,229.0,C1=CC(=CC(=C1)I)C#N,CO,Methanol,0.3402,0.0627,C1=CC(=CC(=C1)I)C#N.CO,0.06683711734350972,0.4070371173435097
100,206,178,186,210,320,320,321,Sertraline hydrochloride,AP32,79559-97-0,342.69,CN[C@H]1CC[C@@H](c2ccc(Cl)c(Cl)c2)c2ccccc21,CO,Methanol,1.0,0.0,CN[C@H]1CC[C@@H](c2ccc(Cl)c(Cl)c2)c2ccccc21.CO,0.0666139613742136,0.9333860386257864
139,181,165,201,205,216,216,217,6-BROMOOXINDOLE,CA121,99365-40-9,210.9632759,O=C1NC2=C(C=CC(Br)=C2)C1,CO,Methanol,0.8492,0.0181,O=C1NC2=C(C=CC(Br)=C2)C1.CO,0.06639770128735101,0.782802298712649
164,84,132,89,127,192,192,192,,Z16,92-44-4,160.0,OC1=C(O)C=C2C=CC=CC2=C1,CO,Methanol,0.8972,0.0086,OC1=C(O)C=C2C=CC=CC2=C1.CO,0.06578406195247255,0.8314159380475274
228,130,183,241,321,178,178,178,"4-BROMOANILINE, 97%",CC3,106-40-1,170.0,Nc1ccc(Br)cc1,CO,Methanol,0.3398,0.0598,Nc1ccc(Br)cc1.CO,0.06435218628421308,0.2754478137157869
275,154,170,143,330,8,8,8,Metformin Hydrochloride,"AP58, RB33",1115-70-4,165.0781231,CN(C)C(=N)N=C(N)N,CO,Methanol,0.8473,0.0796,CN(C)C(=N)N=C(N)N.CO,0.06434855796363592,0.911648557963636
102,92,104,107,129,328,328,329,"1,4-dibromo-2,5-dimethoxybenzene",CB130,2674-34-2,293.8891037,COC1=C(Br)C=C(OC)C(Br)=C1,CO,Methanol,0.8963,0.0076,COC1=C(Br)C=C(OC)C(Br)=C1.CO,0.06350198045404742,0.8327980195459526
109,313,315,195,229,16,16,16,2-amino-4-methyl-1H-pyrimidin-6-one,Z101,3977-29-5,125.0,CC1=CC(=O)NC(=N1)N,CO,Methanol,0.6997,0.0093,CC1=CC(=O)NC(=N1)N.CO,0.0634597682378718,0.6362402317621282
108,139,113,140,97,164,164,164,2-chloroaniline,Z169,95-51-2,127.6,C1=CC=C(C(=C1)N)Cl,CO,Methanol,0.1985,0.0166,C1=CC=C(C(=C1)N)Cl.CO,0.0629744631244023,0.2614744631244023
125,164,121,131,109,43,43,43,4-Hydroxyindole,RSY94,2380-94-1,133.15,C1=CC2=C(C=CN2)C(=C1)O,CO,Methanol,0.5323,0.0293,C1=CC2=C(C=CN2)C(=C1)O.CO,0.062256765185295215,0.5945567651852952
197,151,129,133,240,299,299,300,"9-ANTHRACENEMETHANOL, 97%",D9,1468-95-7,208.0,OCc1c2ccccc2cc3ccccc13,CO,Methanol,0.9483,0.0011,OCc1c2ccccc2cc3ccccc13.CO,0.061883346177051934,0.8864166538229481
302,278,381,279,294,54,54,54,Aniline,CP37,62-53-3,93.13,C1=CC=C(C=C1)N,CO,Methanol,0.1972,0.0454,C1=CC=C(C=C1)N.CO,0.0613003770933869,0.1358996229066131
232,254,336,379,396,157,157,157,trans-4-Cyclohexyl-L-proline hydrochloride,D44,90657-55-9,233.0,O=C(O)[C@H]1NC[C@H](C2CCCCC2)C1,CO,Methanol,0.9415,0.0947,O=C(O)[C@H]1NC[C@H](C2CCCCC2)C1.CO,0.060731654369129195,1.0022316543691292
105,160,127,245,120,118,118,118,Clothianidin,AP41,210880-92-5,249.0087232,CNC(=N[N+](=O)[O-])NCC1=CN=C(S1)Cl,CO,Methanol,0.9617,0.0067,CNC(=N[N+](=O)[O-])NCC1=CN=C(S1)Cl.CO,0.060643122437677555,0.9010568775623224
189,90,147,138,236,82,82,82,"2,4,6-trimethylbenzoic acid",CA34,480-63-7,164.0837296,O=C(O)C1=C(C)C=C(C)C=C1C,CO,Methanol,1.0,0.0,O=C(O)C1=C(C)C=C(C)C=C1C.CO,0.0597548475797508,0.9402451524202492
198,222,383,275,218,205,205,206,"4-NITROANISOLE, 97%",D21,100-17-4,153.0,COc1ccc(cc1)[N+]([O-])=O,CO,Methanol,0.283,0.0972,COc1ccc(cc1)[N+]([O-])=O.CO,0.05943997941554324,0.3424399794155432
191,129,114,94,342,334,334,335,"1,8-DICHLOROANTHRAQUINONE, 97%",CE6,82-43-9,276.0,Clc1cccc2C(=O)c3cccc(Cl)c3C(=O)c12,CO,Methanol,0.9373,0.0011,Clc1cccc2C(=O)c3cccc(Cl)c3C(=O)c12.CO,0.059176307267903794,0.8781236927320962
263,198,144,205,399,93,93,93,5-Fluoroisatin,CC67,443-69-6,165.02,O=C1NC2=C(C=C(F)C=C2)C1=O,CO,Methanol,0.7906,0.0063,O=C1NC2=C(C=C(F)C=C2)C1=O.CO,0.05877166508775411,0.7318283349122459
205,343,373,396,251,131,131,131,"2-NITROPHENOL, 98%",D18,88-75-5,139.0,Oc1ccccc1[N+]([O-])=O,CO,Methanol,0.3768,0.0238,Oc1ccccc1[N+]([O-])=O.CO,0.05871411305729718,0.4355141130572972
314,264,295,267,361,42,42,42,BIOTIN,CD1,58-85-5,244.0,OC(=O)CCCCC1SCC2NC(=O)NC12,CO,Methanol,0.9163,0.0357,OC(=O)CCCCC1SCC2NC(=O)NC12.CO,0.05846139680975304,0.974761396809753
259,291,357,354,268,331,331,332,ANETHOL,Z156,4180-23-8,148.0,CC=CC1=CC=C(C=C1)OC,CO,Methanol,0.4731,0.0259,CC=CC1=CC=C(C=C1)OC.CO,0.05843733138365731,0.5315373313836573
145,183,250,230,247,47,47,47,2-AMINOBENZAMIDE,S168,88-68-6,136.15,NC(=O)c1ccccc1N,CO,Methanol,0.6149,0.0219,NC(=O)c1ccccc1N.CO,0.05716585813792996,0.67206585813793
92,88,86,86,98,11,11,11,Mandelic acid,CR18,90-64-2,152.0,OC(C(O)=O)C1=CC=CC=C1,CO,Methanol,0.9874,0.0011,OC(C(O)=O)C1=CC=CC=C1.CO,0.05697824768850002,0.9304217523115
208,80,169,259,377,371,371,372,"2-bromo-1,3-dimethylbenzene",Z117,576-22-7,185.0,CC1=C(C(=CC=C1)C)Br,CO,Methanol,0.7337,0.0504,CC1=C(C(=CC=C1)C)Br.CO,0.056894394506776136,0.6768056054932239
141,212,117,97,147,150,150,150,N-Methylformanilide,CK44,93-61-8,135.16,CN(C=O)C1=CC=CC=C1,CO,Methanol,0.4794,0.0203,CN(C=O)C1=CC=CC=C1.CO,0.05648410048162439,0.5358841004816244
242,270,239,255,366,34,34,34,TARTRAZINE,"fridge top, large acros bottle",1934-21-0,534.36,O=C1N(C2=CC=C(S(=O)(O)=O)C=C2)N=C(C(O)=O)C1N=NC3=CC=C(S(=O)(O)=O)C=C3,CO,Methanol,1.0,0.0,O=C1N(C2=CC=C(S(=O)(O)=O)C=C2)N=C(C(O)=O)C1N=NC3=CC=C(S(=O)(O)=O)C=C3.CO,0.05638791646847929,1.0563879164684793
254,150,283,303,347,69,69,69,2-Cyclohexenone,Z177,930-68-7,96.0,C1CC=CC(=O)C1,CO,Methanol,0.4067,0.0207,C1CC=CC(=O)C1.CO,0.05583320009604037,0.4625332000960404
114,115,137,155,80,169,169,169,8-Aminoquinoline,D43,578-66-5,144.0,NC1=C2N=CC=CC2=CC=C1,CO,Methanol,0.4531,0.0662,NC1=C2N=CC=CC2=CC=C1.CO,0.05551618511109718,0.5086161851110972
268,239,247,268,389,160,160,160,4-chloroaniline,Z142,106-47-8,127.0,NC1=CC=C(Cl)C=C1,CO,Methanol,0.2892,0.0351,NC1=CC=C(Cl)C=C1.CO,0.054876339898216026,0.234323660101784
272,362,367,377,371,380,380,381,"COUMARIN 6, 98%",D13,38215-36-0,350.0,CCN(CC)c1ccc2C=C(C(=O)Oc2c1)c3sc4ccccc4n3,CO,Methanol,1.0,0.0,CCN(CC)c1ccc2C=C(C(=O)Oc2c1)c3sc4ccccc4n3.CO,0.05404938336599785,1.0540493833659978
266,193,174,207,252,32,32,32,Thiamine hydrochloride (Vitamin B1),AP24,67-03-8,336.0578376,OCCC1=C(C)[N+](CC2=CN=C(C)N=C2N)=CS1,CO,Methanol,1.0,0.0,OCCC1=C(C)[N+](CC2=CN=C(C)N=C2N)=CS1.CO,0.05354556411242517,0.9464544358875748
99,214,153,176,161,316,316,317,Thymol blue,CB111,76-61-9,466.59,Cc1cc(O)c(C(C)C)cc1C1(c2cc(C(C)C)c(O)cc2C)OS(=O)(=O)c2ccccc21,CO,Methanol,1.0,0.0,Cc1cc(O)c(C(C)C)cc1C1(c2cc(C(C)C)c(O)cc2C)OS(=O)(=O)c2ccccc21.CO,0.053110847968350416,1.0531108479683504
248,170,341,373,346,143,143,143,"3-NITROPHENOL, REAGENTPLUS, 99%",Z127,554-84-7,139.0,OC1=CC=CC([N+]([O-])=O)=C1,CO,Methanol,0.387,0.0293,OC1=CC=CC([N+]([O-])=O)=C1.CO,0.0522876894435958,0.4392876894435958
54,64,124,109,128,188,188,188,"alpha, alpha-Dipyridyl (the name is good)",CA113,366-18-7,158.18,C1=CC=NC(=C1)C2=CC=CC=N2,CO,Methanol,0.7217,0.0138,C1=CC=NC(=C1)C2=CC=CC=N2.CO,0.05227282453318283,0.6694271754668172
149,127,90,128,203,232,232,233,DL-Propranolol hydrochloride,AP2,318-98-9,295.0,CC(C)NCC(COC1=CC=CC2=CC=CC=C21)O,CO,Methanol,0.9922,0.0002,CC(C)NCC(COC1=CC=CC2=CC=CC=C21)O.CO,0.05215037578759396,0.940049624212406
137,368,303,318,226,220,220,221,Propiophenone,D37,93-55-0,135.0,CCC(C1=CC=CC=C1)=O,CO,Methanol,0.5789,0.0191,CCC(C1=CC=CC=C1)=O.CO,0.05196000363273434,0.6308600036327343
269,229,202,264,275,48,48,48,2-AMINOBENZAMIDE,CK 16,88-68-6,136.0,C1=CC=C(C(=C1)C(=O)N)N,CO,Methanol,0.7238,0.0198,C1=CC=C(C(=C1)C(=O)N)N.CO,0.051734133993731723,0.6720658660062683
165,158,162,154,224,311,311,312,Thymol,CP3,89-83-8,150.1044651,CC1=CC(O)=C(C(C)C)C=C1,CO,Methanol,0.9426,0.0046,CC1=CC(O)=C(C(C)C)C=C1.CO,0.05154955583298004,0.89105044416702
168,188,277,238,386,313,313,314,,Z175,95-50-1,147.0,C1=CC=C(C(=C1)Cl)Cl,CO,Methanol,0.338,0.0133,C1=CC=C(C(=C1)Cl)Cl.CO,0.05133624765537981,0.2866637523446202
359,153,249,254,289,128,128,128,"1-ADAMANTYLAMINE, 98%",CA4,768-94-5,151.0,NC12CC3CC(CC(C3)C1)C2,CO,Methanol,0.938,0.0118,NC12CC3CC(CC(C3)C1)C2.CO,0.050619838187965005,0.988619838187965
183,121,140,124,198,267,267,268,PYRIMETHAMINE,AP23,58-14-0,248.0828741,CCC1=C(C2=CC=C(Cl)C=C2)C(N)=NC(N)=N1,CO,Methanol,0.9924,0.0087,CCC1=C(C2=CC=C(Cl)C=C2)C(N)=NC(N)=N1.CO,0.05052913872118692,0.941870861278813
212,249,228,277,311,257,257,258,Naphthol blue black,CO39,1064-48-8,616.0059066,NC1=C(C(S(O)(=O)=O)=CC2=C1C(O)=C(C(S(O)(=O)=O)=C2)/N=N/C3=CC=CC=C3)/N=N/C4=CC=C(C=C4)[N+]([O-])=O,CO,Methanol,0.9998,0.0,NC1=C(C(S(O)(=O)=O)=CC2=C1C(O)=C(C(S(O)(=O)=O)=C2)/N=N/C3=CC=CC=C3)/N=N/C4=CC=C(C=C4)[N+]([O-])=O.CO,0.05026665080984438,1.0500666508098444
187,174,134,120,148,119,119,119,2-Amino-5-bromobenzoic acid,RB54,5794-88-7,216.03,C1=CC(=C(C=C1Br)C(=O)O)N,CO,Methanol,0.9018,0.0313,C1=CC(=C(C=C1Br)C(=O)O)N.CO,0.04980565834340778,0.8519943416565923
225,152,190,221,335,211,211,212,,Z38,624-28-2,237.0,BrC1=CN=C(Br)C=C1,CO,Methanol,0.3549,0.0526,BrC1=CN=C(Br)C=C1.CO,0.04913670610636878,0.3057632938936312
315,211,185,295,405,62,62,62,4-aminobenzonitrile,Z140,873-74-5,118.0,N#CC1=CC=C(N)C=C1,CO,Methanol,0.3825,0.0275,N#CC1=CC=C(N)C=C1.CO,0.04818631453251043,0.3343136854674896
293,237,167,228,380,92,92,92,5-Fluoroisatin,CC67,443-69-6,165.0226066,O=C1NC2=C(C=C(F)C=C2)C1=O,CO,Methanol,0.7799,0.0254,O=C1NC2=C(C=C(F)C=C2)C1=O.CO,0.04807166508775418,0.7318283349122459
309,296,328,355,356,113,113,113,"5,5'-Dithiobis(2-nitrobenzoic acid)",RB45,69-78-3,395.9722072,O=C(O)C1=CC(SSC2=CC=C([N+]([O-])=O)C(C(O)=O)=C2)=CC=C1[N+]([O-])=O,CO,Methanol,0.9256,0.024,O=C(O)C1=CC(SSC2=CC=C([N+]([O-])=O)C(C(O)=O)=C2)=CC=C1[N+]([O-])=O.CO,0.04806738304643243,0.9736673830464324
230,168,135,298,139,99,99,99,2-Methylpyridine,CD8,109-06-8,93.05784922,CC1=NC=CC=C1,CO,Methanol,0.1789,0.0739,CC1=NC=CC=C1.CO,0.04793061002363869,0.2268306100236387
342,374,385,313,374,123,123,123,Nizatidine,RB32,76963-41-2,331.1136669,CN/C(NCCSCC1=CSC(CN(C)C)=N1)=C\[N+]([O-])=O,CO,Methanol,0.9932,0.0028,CN/C(NCCSCC1=CSC(CN(C)C)=N1)=C\[N+]([O-])=O.CO,0.047842012936403555,1.0410420129364035
190,126,149,130,204,266,266,267,PYRIMETHAMINE,AP23,58-14-0,248.0,CCC1=C(C2=CC=C(Cl)C=C2)C(N)=NC(N)=N1,CO,Methanol,0.9893,0.0004,CCC1=C(C2=CC=C(Cl)C=C2)C(N)=NC(N)=N1.CO,0.047429138721186925,0.941870861278813
237,284,369,307,397,187,187,187,(R)-(?)-1-Indanol,CA170,697-64-3,134.0731649,O[C@@H]1CCC2=C1C=CC=C2,CO,Methanol,0.8182,0.0254,O[C@@H]1CCC2=C1C=CC=C2.CO,0.04738125139998961,0.7708187486000104
117,106,187,142,115,64,64,64,"1,5-Diaminonaphthalene",CK5,2243-62-1,158.0,C1=CC2=C(C=CC=C2N)C(=C1)N,CO,Methanol,0.591,0.0107,C1=CC2=C(C=CC=C2N)C(=C1)N.CO,0.047314852928220574,0.6383148529282205
273,225,371,321,404,374,374,375,Triptycene,CB135,477-75-8,254.1095504,C12C3=C(C=CC=C3)C(C4=C2C=CC=C4)C5=C1C=CC=C5,CO,Methanol,1.0,0.0,C12C3=C(C=CC=C3)C(C4=C2C=CC=C4)C5=C1C=CC=C5.CO,0.04710156811230404,0.952898431887696
178,196,195,217,273,85,85,85,"(1R,2S)-(-)-N-Methylephedrine",AP4,552-79-4,179.1310142,CC(C(C1=CC=CC=C1)O)N(C)C,CO,Methanol,0.9983,0.0002,CC(C(C1=CC=CC=C1)O)N(C)C.CO,0.046952134339684815,0.9513478656603152
320,251,310,365,243,351,351,352,1-Methylnaphthalene,CC25,90-12-0,142.0,CC1=CC=CC2=CC=CC=C12,CO,Methanol,0.6144,0.0073,CC1=CC=CC2=CC=CC=C12.CO,0.0469456239514936,0.5674543760485063
297,295,361,319,391,391,391,392,"2-Ethylhexyl 2-cyano-3,3-diphenylacrylate",CA81,6197-30-4,361.48,CCCCC(CC)COC(=O)C(C#N)=C(c1ccccc1)c1ccccc1,CO,Methanol,1.0,0.0,CCCCC(CC)COC(=O)C(C#N)=C(c1ccccc1)c1ccccc1.CO,0.04655523172048448,1.0465552317204845
206,228,188,122,241,258,258,259,,Z8,5779-95-3,134.0,O=CC1=CC(C)=CC(C)=C1,CO,Methanol,0.7832,0.0388,O=CC1=CC(C)=CC(C)=C1.CO,0.045990229168424435,0.7372097708315756
169,227,323,302,154,90,90,90,7-Fluoroisatin,CB139,317-20-4,165.0226066,O=C1NC2=C(C=CC=C2F)C1=O,CO,Methanol,0.6915,0.0901,O=C1NC2=C(C=CC=C2F)C1=O.CO,0.04584005477787212,0.7373400547778721
116,299,168,269,192,36,36,36,"2-AMINOPHENOL, 98%",D26,95-55-6,109.0,OC1=CC=CC=C1N,CO,Methanol,0.3502,0.0558,OC1=CC=CC=C1N.CO,0.04490698537988719,0.3951069853798872
245,370,345,370,379,402,402,403,Losartan,AP53,124750-99-8,422.162187,OCC1=C(N=C(N1CC2=CC=C(C3=C(C4=NN=NN4)C=CC=C3)C=C2)CCCC)Cl,CO,Methanol,1.0,0.0,OCC1=C(N=C(N1CC2=CC=C(C3=C(C4=NN=NN4)C=CC=C3)C=C2)CCCC)Cl.CO,0.04455255077186937,1.0445525507718694
143,204,251,211,201,286,286,287,2-Acetonaphthone,CL12,93-08-3,170.0731649,CC(C1=CC=C2C=CC=CC2=C1)=O,CO,Methanol,0.657,0.0837,CC(C1=CC=C2C=CC=CC2=C1)=O.CO,0.04452641606142271,0.7015264160614227
244,219,245,310,331,262,262,263,Tadalafil,CA114,171596-29-5,389.4,CN1CC(=O)N2[C@H](Cc3c([nH]c4ccccc34)[C@H]2c2ccc3c(c2)OCO3)C1=O,CO,Methanol,1.0,0.0,CN1CC(=O)N2[C@H](Cc3c([nH]c4ccccc34)[C@H]2c2ccc3c(c2)OCO3)C1=O.CO,0.044265378346254436,0.9557346216537456
282,242,386,328,401,373,373,374,Triptycene,CB109,477-75-8,254.0,C1=CC=C2C3C4=CC=CC=C4C(C2=C1)C5=CC=CC=C35,CO,Methanol,0.997,0.0003,C1=CC=C2C3C4=CC=CC=C4C(C2=C1)C5=CC=CC=C35.CO,0.044101568112304035,0.952898431887696
317,217,288,287,358,384,384,385,"4,5-Dibromo-o-xylene",CB53,24932-48-7,261.8992745,CC1=CC(Br)=C(Br)C=C1C,CO,Methanol,0.8174,0.0624,CC1=CC(Br)=C(Br)C=C1C.CO,0.04393169075111647,0.7734683092488835
216,372,352,326,211,301,301,302,4-Bromoanisole,CC23,104-92-7,185.9680269,COC1=CC=C(Br)C=C1,CO,Methanol,0.2756,0.0299,COC1=CC=C(Br)C=C1.CO,0.04260675625080257,0.3182067562508026
35,169,118,129,173,121,121,121,(R)-(_)-_-Methylcyclohexanemethylamine,D35,5913-13-3,127.0,N[C@H](C)C1CCCCC1,CO,Methanol,0.984,0.0086,N[C@H](C)C1CCCCC1.CO,0.04247713958945598,0.941522860410544
215,314,233,280,215,172,172,172,Thiacloprid,AP45,111988-49-9,252.023645,C1CSC(=NC#N)N1CC2=CN=C(C=C2)Cl,CO,Methanol,0.8876,0.0087,C1CSC(=NC#N)N1CC2=CN=C(C=C2)Cl.CO,0.04244171790652318,0.8451582820934768
277,289,210,327,272,294,294,295,"1-NITRONAPHTHALENE, 99%",Z132,86-57-7,173.0,C1=CC=C2C(=C1)C=CC=C2[N+](=O)[O-],CO,Methanol,0.546,0.0296,C1=CC=C2C(=C1)C=CC=C2[N+](=O)[O-].CO,0.042273939959538764,0.5037260600404613
352,201,300,242,298,280,280,281,Diisopropyl succinate,Z20,924-88-9,202.0,CC(C)OC(=O)CCC(=O)OC(C)C,CO,Methanol,0.9202,0.007,CC(C)OC(=O)CCC(=O)OC(C)C.CO,0.041997989502868815,0.9621979895028688
196,133,158,98,184,209,209,210,Dimethyl 5-hydroxyisophthalate,Z44,13036-02-7,210.0,O=C(OC)C1=CC(O)=CC(C(OC)=O)=C1,CO,Methanol,0.9511,0.0106,O=C(OC)C1=CC(O)=CC(C(OC)=O)=C1.CO,0.041834714510668114,0.9092652854893318
195,306,359,384,274,190,190,190,"4-amino-3,5-dimethylbenzonitrile",Z173,74896-24-5,146.0,CC1=CC(=CC(=C1N)C)C#N,CO,Methanol,0.7751,0.0147,CC1=CC(=CC(=C1N)C)C#N.CO,0.04171594116458899,0.733384058835411
292,330,280,339,370,67,67,67,dibenzoyl-L-tartaric acid,CF14,2743-38-6,358.3,C1=CC=C(C=C1)C(=O)O[C@H]([C@H](C(=O)O)OC(=O)C2=CC=CC=C2)C(=O)O,CO,Methanol,0.9932,0.0013,C1=CC=C(C=C1)C(=O)O[C@H]([C@H](C(=O)O)OC(=O)C2=CC=CC=C2)C(=O)O.CO,0.040666654887227316,1.0338666548872273
193,272,331,317,208,325,325,326,"4,4-(Hexafluoroisopropylidene)diphenol",CJ31,1478-61-1,336.0584989,FC(F)(F)C(C1=CC=C(O)C=C1)(C2=CC=C(O)C=C2)C(F)(F)F,CO,Methanol,0.9877,0.0019,FC(F)(F)C(C1=CC=C(O)C=C1)(C2=CC=C(O)C=C2)C(F)(F)F.CO,0.0403181388085192,0.9473818611914808
284,373,380,305,354,71,71,71,,Z36,7226-23-5,128.0,O=C1N(C)CCCN1C,CO,Methanol,0.6442,0.0865,O=C1N(C)CCCN1C.CO,0.04007321093730232,0.6041267890626977
250,318,349,289,326,191,191,191,,Z9,92-44-4,160.0,OC1=C(O)C=C2C=CC=CC2=C1,CO,Methanol,0.7914,0.0338,OC1=C(O)C=C2C=CC=CC2=C1.CO,0.040015938047527455,0.8314159380475274
322,358,307,341,393,98,98,98,4-nitrophenol,Z130,100-02-7,139.0,OC1=CC=C([N+]([O-])=O)C=C1,CO,Methanol,0.3574,0.1011,OC1=CC=C([N+]([O-])=O)C=C1.CO,0.03974060463487,0.39714060463487
337,302,308,391,315,109,109,109,Ranitidine hydrochloride,AP57,66357-59-3,350.1179393,CN/C(NCCSCC1=CC=C(O1)CN(C)C)=C\[N+]([O-])=O,CO,Methanol,0.9928,0.0076,CN/C(NCCSCC1=CC=C(O1)CN(C)C)=C\[N+]([O-])=O.CO,0.03964497204191775,1.0324449720419178
172,118,115,206,111,41,41,41,2-Aminopyridine,CP27,504-29-0,94.0,C1=CC=NC(=C1)N,CO,Methanol,0.103,0.0698,C1=CC=NC(=C1)N.CO,0.03963800491752871,0.1426380049175287
148,194,347,257,207,196,196,196,2-amino-4-methyl-benzonitrile,Z96,26830-96-6,132.0,CC1=CC(=C(C=C1)C#N)N,CO,Methanol,0.573,0.0619,CC1=CC(=C(C=C1)C#N)N.CO,0.039522715229116434,0.6125227152291164
298,346,317,345,320,40,40,40,2-(Trifluoromethyl)benzoic acid,Z180,433-97-6,190.0,C1=CC=C(C(=C1)C(=O)O)C(F)(F)F,CO,Methanol,0.8763,0.0115,C1=CC=C(C(=C1)C(=O)O)C(F)(F)F.CO,0.038365987035096416,0.9146659870350964
163,328,302,220,165,148,148,148,N-Phenylmaleimide,D41,941-69-5,173.0,O=C(N1C2=CC=CC=C2)C=CC1=O,CO,Methanol,0.6238,0.0069,O=C(N1C2=CC=CC=C2)C=CC1=O.CO,0.03825616331638393,0.662056163316384
238,157,244,329,349,215,215,216,6-Amino-3-bromo-2-methylpyridine,CB144,42753-71-9,185.9792603,CC1=NC(N)=CC=C1Br,CO,Methanol,0.6441,0.0209,CC1=NC(N)=CC=C1Br.CO,0.03809267807313632,0.6060073219268637
171,184,120,170,179,84,84,84,"3,4-Dimethoxyaniline",CC63,6315-89-5,153.0789786,NC1=CC=C(OC)C(OC)=C1,CO,Methanol,0.728,0.021,NC1=CC=C(OC)C(OC)=C1.CO,0.038048799010411916,0.6899512009895881
312,236,269,208,299,56,56,56,4-hydroxybenzaldehyde,CK34,123-08-0,122.0367794,O=CC1=CC=C(O)C=C1,CO,Methanol,0.4733,0.0667,O=CC1=CC=C(O)C=C1.CO,0.03725130850669239,0.5105513085066924
240,162,136,149,259,336,336,337,9-(2-Hydroxyethyl)anthracene,CA139,54060-73-0,222.1044651,OCCC1=C2C=CC=CC2=CC3=CC=CC=C13,CO,Methanol,0.9577,0.0039,OCCC1=C2C=CC=CC2=CC3=CC=CC=C13.CO,0.03717040133769722,0.9205295986623028
348,347,311,161,250,332,332,333,2-Hydroxy-4-methoxybenzophenone,CC 19,131-57-7,228.0,COC1=CC(=C(C=C1)C(=O)C2=CC=CC=C2)O,CO,Methanol,0.8876,0.0242,COC1=CC(=C(C=C1)C(=O)C2=CC=CC=C2)O.CO,0.036738850094652054,0.924338850094652
304,356,368,187,312,26,26,26,"3-AMINOPHENOL, 98%",D7,591-27-5,109.0,Nc1cccc(O)c1,CO,Methanol,0.4658,0.0221,Nc1cccc(O)c1.CO,0.036182545590953186,0.4296174544090468
158,268,325,336,137,246,246,247,Menadione,AP28,58-27-5,172.0,O=C(C(C)=C1)C(C=CC=C2)=C2C1=O,CO,Methanol,0.6691,0.0107,O=C(C(C)=C1)C(C=CC=C2)=C2C1=O.CO,0.03598498395533789,0.7050849839553379
217,202,235,224,232,276,276,277,Bisphenol A,CR17,80-05-7,228.1150298,OC1=CC=C(C=C1)C(C)(C)C2=CC=C(C=C2)O,CO,Methanol,1.0,0.0,OC1=CC=C(C=C1)C(C)(C)C2=CC=C(C=C2)O.CO,0.035930258698556816,0.9640697413014432
327,301,204,263,392,155,155,155,,Z19,33524-31-1,168.0,COC1=CC=C(OC)C(CO)=C1,CO,Methanol,0.7469,0.037,COC1=CC=C(OC)C(CO)=C1.CO,0.03567995520773004,0.78257995520773
231,156,177,123,225,245,245,246,,Z58,5372-81-6,209.0,O=C(OC)C1=CC=C(C(OC)=O)C=C1N,CO,Methanol,0.9142,0.0068,O=C(OC)C1=CC=C(C(OC)=O)C=C1N.CO,0.03562241430220381,0.8785775856977962
179,172,218,152,302,167,167,167,Tetrafluoroterephthalonitrile 5G,"CB104, C79",1835-49-0,199.9997609,N#CC1=C(F)C(F)=C(C#N)C(F)=C1F,CO,Methanol,0.9683,0.004,N#CC1=C(F)C(F)=C(C#N)C(F)=C1F.CO,0.034994423002117414,0.9333055769978826
365,361,338,309,323,202,202,202,"1-(3,4,5-trimethoxyphenyl)ethanone",Z79,1136-86-3,210.0,CC(=O)C1=CC(=C(C(=C1)OC)OC)OC,CO,Methanol,0.8917,0.0323,CC(=O)C1=CC(=C(C(=C1)OC)OC)OC.CO,0.03429464747904276,0.9259946474790428
355,252,214,250,285,52,52,52,N-Hydroxyphthalimide,CP32,524-38-9,163.026943,O=C(N1O)C2=CC=CC=C2C1=O,CO,Methanol,0.7667,0.0014,O=C(N1O)C2=CC=CC=C2C1=O.CO,0.033845271824160084,0.73285472817584
182,179,199,260,152,45,45,45,4-Acetoamidophenol,AP37,103-90-2,151.0,OC1=CC=C(NC(C)=O)C=C1,CO,Methanol,0.7775,0.0129,OC1=CC=C(NC(C)=O)C=C1.CO,0.03378778436350938,0.8112877843635093
86,175,166,185,90,233,233,234,,Z184,6837-24-7,167.0,C1CCC(CC1)N2CCCC2=O,CO,Methanol,0.9397,0.0031,C1CCC(CC1)N2CCCC2=O.CO,0.0336564528555634,0.9060435471444366
291,263,372,349,373,224,224,225,NNN'N'-Tetraethylisophthalamide,D42,13698-87-8,276.0,CCN(CC)C(C1=CC=CC(C(N(CC)CC)=O)=C1)=O,CO,Methanol,0.9988,0.0008,CCN(CC)C(C1=CC=CC(C(N(CC)CC)=O)=C1)=O.CO,0.03239428392549548,1.0311942839254955
239,197,379,351,340,411,411,412,"4,5-dichlorophthalonitrile ",CP8,139152-08-2,195.9595034,N#CC1=CC(Cl)=C(Cl)C=C1C#N,CO,Methanol,0.7124,0.0663,N#CC1=CC(Cl)=C(Cl)C=C1C#N.CO,0.03228108855921541,0.7446810885592154
219,294,301,364,175,385,385,386,Roxithromycin,AP3,80214-83-1,836.5245697,C[C@@H]1[C@@H](O[C@H]2[C@H](O)[C@@H](N(C)C)C[C@@H](C)O2)[C@](C)(O)C[C@@H](C)/C([C@H](C)[C@@H](O)[C@](C)(O)[C@@H](CC)OC([C@H](C)[C@H]1O[C@@H]3O[C@@H](C)[C@H](O)[C@](C)(OC)C3)=O)=N\OCOCCOC,CO,Methanol,0.9986,0.0005,C[C@@H]1[C@@H](O[C@H]2[C@H](O)[C@@H](N(C)C)C[C@@H](C)O2)[C@](C)(O)C[C@@H](C)/C([C@H](C)[C@@H](O)[C@](C)(O)[C@@H](CC)OC([C@H](C)[C@H]1O[C@@H]3O[C@@H](C)[C@H](O)[C@](C)(OC)C3)=O)=N\OCOCCOC.CO,0.031627705769990855,1.030227705769991
303,324,343,378,228,401,401,402,Sulfamethoxazole,AP38,723-46-6,253.0521122,CC1=CC(NS(=O)(C2=CC=C(C=C2)N)=O)=NO1,CO,Methanol,0.9811,0.0049,CC1=CC(NS(=O)(C2=CC=C(C=C2)N)=O)=NO1.CO,0.03134598500015129,1.0124459850001513
207,257,335,392,185,102,102,102,Caffeine,AP19,58-08-2,194.0,CN1C=NC2=C1C(=O)N(C(=O)N2C)C,CO,Methanol,0.8324,0.0111,CN1C=NC2=C1C(=O)N(C(=O)N2C)C.CO,0.03127508733474438,0.8011249126652557
328,191,241,191,155,406,406,407,"1,3,5-Tris(4-hydroxylphenyl)Benzene",CKB34,15797-52-1,354.1255944,OC1=CC=C(C2=CC(C3=CC=C(O)C=C3)=CC(C4=CC=C(O)C=C4)=C2)C=C1,CO,Methanol,1.0,0.0,OC1=CC=C(C2=CC(C3=CC=C(O)C=C3)=CC(C4=CC=C(O)C=C4)=C2)C=C1.CO,0.03122446687138236,1.0312244668713824
354,353,356,43,72,292,292,293,,Z188,935-14-8,126.0,C#CC1=CC=C(C=C1)C#C,CO,Methanol,0.4223,0.0172,C#CC1=CC=C(C=C1)C#C.CO,0.0311303311273457,0.3911696688726543
258,176,230,301,306,50,50,50,a-Methylbenzylamine,CA77,618-36-0,121.0891494,NC(C)C1=CC=CC=C1,CO,Methanol,0.6138,0.0384,NC(C)C1=CC=CC=C1.CO,0.03106739599751307,0.5827326040024869
98,215,176,179,163,407,407,408,"5,5',6,6'-TETRAHYDROXY-3,3,3',3'-TETRAMETHYL-1,1'-SPIROBISINDANE",CL10,77-08-7,340.1674592,OC1=C(O)C=C2C(C(C)(C)CC23C(C=C(O)C(O)=C4)=C4C(C)(C)C3)=C1,CO,Methanol,1.0,0.0,OC1=C(O)C=C2C(C(C)(C)CC23C(C=C(O)C(O)=C4)=C4C(C)(C)C3)=C1.CO,0.0303873071449563,1.0303873071449563
160,216,191,65,82,10,10,10,Phloroglucinol,I4,108-73-6,126.11,Oc1cc(O)cc(O)c1,CO,Methanol,0.8893,0.0075,Oc1cc(O)cc(O)c1.CO,0.03029120781336181,0.8590087921866382
155,128,73,59,124,312,312,313,"4,4'-Difluorobenzophenone",CJ19,345-92-6,218.0543213,O=C(C1=CC=C(F)C=C1)C2=CC=C(F)C=C2,CO,Methanol,0.8665,0.0048,O=C(C1=CC=C(F)C=C1)C2=CC=C(F)C=C2.CO,0.029889172532766684,0.8366108274672334
363,245,254,262,304,333,333,334,Rifaximin,AP63,80621-81-4,785.9,C[C@H]1/C=C/C=C(\C(=O)NC2=C(C3=C(C4=C(C(=C3O)C)O[C@@](C4=O)(O/C=C/[C@@H]([C@H]([C@H]([C@@H]([C@@H]([C@@H]([C@H]1O)C)O)C)OC(=O)C)C)OC)C)C5=C2N6C=CC(=CC6=N5)C)O)/C,CO,Methanol,1.0,0.0,C[C@H]1/C=C/C=C(\C(=O)NC2=C(C3=C(C4=C(C(=C3O)C)O[C@@](C4=O)(O/C=C/[C@@H]([C@H]([C@H]([C@@H]([C@@H]([C@@H]([C@H]1O)C)O)C)OC(=O)C)C)OC)C)C5=C2N6C=CC(=CC6=N5)C)O)/C.CO,0.029828960306661045,0.970171039693339
246,355,234,346,360,304,304,305,Triphenylacetic acid,Z94,595-91-5,288.0,C1=CC=C(C=C1)C(C2=CC=CC=C2)(C3=CC=CC=C3)C(=O)O,CO,Methanol,1.0,0.0,C1=CC=C(C=C1)C(C2=CC=CC=C2)(C3=CC=CC=C3)C(=O)O.CO,0.029786323462257513,1.0297863234622575
341,311,337,325,376,15,15,15,"1H-Pyrrolo[2,3-b]pyridine-3-carboxylic acid",Z111,156270-06-3,162.0,C1=CC2=C(NC=C2C(=O)O)N=C1,CO,Methanol,0.848,0.0347,C1=CC2=C(NC=C2C(=O)O)N=C1.CO,0.029243760718433487,0.8772437607184335
338,332,384,285,288,4,4,4,"4-AMINOPYRIDINE, 98%",D6,504-24-5,94.0,Nc1ccncc1,CO,Methanol,0.1865,0.0154,Nc1ccncc1.CO,0.02910445441839099,0.157395545581609
313,292,320,283,308,81,81,81,3-Fluoroaniline,CB145,372-19-0,111.0484274,NC1=CC=CC(F)=C1,CO,Methanol,0.3403,0.0322,NC1=CC=CC(F)=C1.CO,0.028853720054182408,0.3114462799458176
153,248,227,306,221,382,382,383,"2,5-Di-tert-butylhydroquinone",CB114,88-58-4,222.33,CC(C)(C)c1cc(O)c(C(C)(C)C)cc1O,CO,Methanol,0.9966,0.0006,CC(C)(C)c1cc(O)c(C(C)(C)C)cc1O.CO,0.028290139771096956,1.024890139771097
150,142,196,173,169,281,281,282,Diclofenac sodium salt,AP33,15307-79-6,316.9986282,OC(CC1=C(C=CC=C1)NC2=C(C=CC=C2Cl)Cl)=O,CO,Methanol,0.9943,0.0005,OC(CC1=C(C=CC=C1)NC2=C(C=CC=C2Cl)Cl)=O.CO,0.02781754290216998,0.96648245709783
201,182,171,159,220,300,300,301,Fluoxetine Hydrochloride,AP13,56296-78-7,345.0,CNCCC(C1=CC=CC=C1)OC2=CC=C(C=C2)C(F)(F)F,CO,Methanol,0.9845,0.0015,CNCCC(C1=CC=CC=C1)OC2=CC=C(C=C2)C(F)(F)F.CO,0.027431931047132485,0.9570680689528676
350,352,309,372,363,136,136,136,,Z29,91-76-9,187.0,NC1=NC(N)=NC(C2=CC=CC=C2)=N1,CO,Methanol,0.7701,0.0115,NC1=NC(N)=NC(C2=CC=CC=C2)=N1.CO,0.02703520876132981,0.7971352087613298
321,288,220,299,255,179,179,179,1-BUTYL-2-PYRROLIDONE (tamisolve),CO25,3470-98-2,141.21,CCCCN1CCCC1=O,CO,Methanol,0.837,0.0048,CCCCN1CCCC1=O.CO,0.026979850985478393,0.8639798509854784
345,290,305,333,262,398,398,399,"1,3,5-tri(propan-2-yl)benzene",Z81,717-74-8,204.0,CC(C)C1=CC(=CC(=C1)C(C)C)C(C)C,CO,Methanol,0.9495,0.0242,CC(C)C1=CC(=CC(=C1)C(C)C)C(C)C.CO,0.026876231624725966,0.976376231624726
319,315,375,300,318,127,127,127,BENZALDEHYDE,CM5,100-52-7,106.12,O=Cc1ccccc1,CO,Methanol,0.2791,0.0219,O=Cc1ccccc1.CO,0.026660214748765287,0.2524397852512347
157,97,84,212,126,409,409,410,Phenacetin,CP1,62-44-2,179.0946287,CCOC1=CC=C(C=C1)NC(C)=O,CO,Methanol,0.841,0.0056,CCOC1=CC=C(C=C1)NC(C)=O.CO,0.026650078666560884,0.8143499213334391
188,141,207,223,213,183,183,183,"2,6-Diacetylpyridine",Z31,1129-30-2,163.0,CC(=O)C1=NC(=CC=C1)C(=O)C,CO,Methanol,0.9012,0.0234,CC(=O)C1=NC(=CC=C1)C(=O)C.CO,0.026273307557046044,0.874926692442954
361,345,340,343,341,364,364,365,3-Bromo-9H-carbazole,RSY15,1592-95-6,246.1,C1=CC=C(C=C1)NC2=CC=CC3=CC=CC=C32,CO,Methanol,0.6997,0.0271,C1=CC=C(C=C1)NC2=CC=CC3=CC=CC=C32.CO,0.02621327222060943,0.7259132722206094
112,300,186,350,70,248,248,249,Prednisolone,CA160,50-24-8,360.44,C[C@]12C[C@H](O)[C@H]3[C@@H](CCC4=CC(=O)C=C[C@@]43C)[C@@H]1CC[C@]2(O)C(=O)CO,CO,Methanol,0.9204,0.033,C[C@]12C[C@H](O)[C@H]3[C@@H](CCC4=CC(=O)C=C[C@@]43C)[C@@H]1CC[C@]2(O)C(=O)CO.CO,0.026205775507279427,0.9466057755072794
310,331,240,236,287,14,14,14,Histamine,CB45,51-45-6,111.0,C1=C(NC=N1)CCN,CO,Methanol,0.5592,0.0322,C1=C(NC=N1)CCN.CO,0.02614519919782088,0.5853451991978209
173,165,130,202,257,182,182,182,"1,2-Dimethoxybenzene",Z18,91-16-7,138.0,COC1=CC=CC=C1OC,CO,Methanol,0.5779,0.0193,COC1=CC=CC=C1OC.CO,0.026013981145224796,0.5518860188547752
140,146,142,166,217,415,415,416,"1,3-dioxoisoindolin-2-yl cyclohexanecarboxylate",,,273.100108,O=C(N(OC(C1CCCCC1)=O)C2=O)C3=C2C=CC=C3,CO,Methanol,0.9667,0.0099,O=C(N(OC(C1CCCCC1)=O)C2=O)C3=C2C=CC=C3.CO,0.02599656408125517,0.9407034359187448
211,159,151,174,231,97,97,97,4-nitrophenol,Z130,100-02-7,139.0,OC1=CC=C([N+]([O-])=O)C=C1,CO,Methanol,0.4229,0.0359,OC1=CC=C([N+]([O-])=O)C=C1.CO,0.02575939536513,0.39714060463487
123,231,200,118,286,399,399,400,_-Caryophyllene,AP59,87-44-5,204.35,C/C/1=C\CCC(=C)[C@H]2CC([C@@H]2CC1)(C)C,CO,Methanol,1.0,0.0,C/C/1=C\CCC(=C)[C@H]2CC([C@@H]2CC1)(C)C.CO,0.025494890706780793,0.9745051092932192
90,81,97,139,86,46,46,46,4-Acetoamidophenol,AP37,103-90-2,151.0633285,OC1=CC=C(NC(C)=O)C=C1,CO,Methanol,0.8367,0.0065,OC1=CC=C(NC(C)=O)C=C1.CO,0.025412215636490654,0.8112877843635093
329,208,255,248,398,310,310,311,"3,3'-dimethylnaphthidine","K14, T73",13138-48-2,312.1626486,NC(C1=CC=CC=C12)=C(C)C=C2C3=CC(C)=C(N)C4=CC=CC=C34,CO,Methanol,1.0,0.0,NC(C1=CC=CC=C12)=C(C)C=C2C3=CC(C)=C(N)C4=CC=CC=C34.CO,0.025359146133673627,0.9746408538663264
334,365,360,357,316,28,28,28,Anthranilic acid ,CR1,118-92-3,137.0476785,NC1=CC=CC=C1C(O)=O,CO,Methanol,0.7497,0.0388,NC1=CC=CC=C1C(O)=O.CO,0.024951793887511453,0.7746517938875115
326,369,344,385,305,223,223,224,Methyl red sodium salt,CA189,845-10-3,291.098371,O=C(C1=C(C=CC=C1)/N=N/C2=CC=C(C=C2)N(C)C)O,CO,Methanol,0.9519,0.0336,O=C(C1=C(C=CC=C1)/N=N/C2=CC=C(C=C2)N(C)C)O.CO,0.024577229615706853,0.9764772296157068
325,340,297,324,344,288,288,289,Ibuprofen,AP10,15687-27-1,206.1306798,CC(CC1=CC=C(C(C(O)=O)C)C=C1)C,CO,Methanol,0.9888,0.0011,CC(CC1=CC=C(C(C(O)=O)C)C=C1)C.CO,0.023670911896024438,1.0124709118960245
202,286,287,380,233,60,60,60,4-Fluoroaniline,CJ64,371-40-4,111.0484274,NC1=CC=C(F)C=C1,CO,Methanol,0.2449,0.0473,NC1=CC=C(F)C=C1.CO,0.023628019296016878,0.2685280192960169
308,280,304,237,292,213,213,214,tert-Butylhydroquinone,CQ21,1948-33-0,166.0993797,OC1=CC=C(O)C=C1C(C)(C)C,CO,Methanol,0.9821,0.0051,OC1=CC=C(O)C=C1C(C)(C)C.CO,0.023565933720270604,0.9585340662797294
278,323,333,388,352,379,379,380,,Z172,1611-92-3,249.0,CC1=CC(=CC(=C1)Br)Br,CO,Methanol,0.602,0.0124,CC1=CC(=CC(=C1)Br)Br.CO,0.023365409205513332,0.6253654092055133
138,83,133,281,134,59,59,59,"3,6-Dichloropyridazine",CC1,141-30-0,147.9595034,ClC1=NN=C(Cl)C=C1,CO,Methanol,0.1452,0.0552,ClC1=NN=C(Cl)C=C1.CO,0.022857899397926595,0.1680578993979266
255,238,298,252,276,392,392,393,"2,4-Diphenyl-4-methyl-1-pentene",CJ63,6362-80-7,236.35,CC(C)(CC(=C)C1=CC=CC=C1)C2=CC=CC=C2,CO,Methanol,0.9935,0.0005,CC(C)(CC(=C)C1=CC=CC=C1)C2=CC=CC=C2.CO,0.02258467844604528,0.9709153215539548
136,109,87,62,85,171,171,171,bis(4-hydroxyphenyl)methanone,Z46,611-99-4,214.0,O=C(C1=CC=C(O)C=C1)C2=CC=C(O)C=C2,CO,Methanol,0.955,0.0064,O=C(C1=CC=C(O)C=C1)C2=CC=C(O)C=C2.CO,0.0224359824176662,0.9325640175823338
318,376,223,395,301,88,88,88,(R)-(+)-1-(4-Methoxyphenyl)ethylamine 5G,CA162,22038-86-4,151.0,N[C@@H](C1=CC=C(OC)C=C1)C,CO,Methanol,0.6886,0.0234,N[C@@H](C1=CC=C(OC)C=C1)C.CO,0.022370491201070486,0.7109704912010705
351,312,282,216,258,96,96,96,,Z70,581-43-1,160.0,OC1=CC2=CC=C(O)C=C2C=C1,CO,Methanol,0.7781,0.0248,OC1=CC2=CC=C(O)C=C2C=C1.CO,0.022089382972855565,0.8001893829728556
344,354,374,274,383,137,137,137,,Z176,454-92-2,190.0,C1=CC(=CC(=C1)C(F)(F)F)C(=O)O,CO,Methanol,0.8767,0.0064,C1=CC(=CC(=C1)C(F)(F)F)C(=O)O.CO,0.021955665276594316,0.8986556652765944
180,232,206,168,130,413,413,414,Quinaldic acid,,100-21-0,166.0266087,O=C(O)C1=CC=C(C(O)=O)C=C1,CO,Methanol,0.9425,0.011,O=C(O)C1=CC=C(C(O)=O)C=C1.CO,0.021821359272789165,0.9206786407272108
186,220,216,184,235,130,130,130,(R)-(?)-2-Phenylbutyric acid,CA154,938-79-4,164.2,CC[C@@H](C(=O)O)c1ccccc1,CO,Methanol,0.9782,0.0004,CC[C@@H](C(=O)O)c1ccccc1.CO,0.021644380186786716,0.9565556198132132
267,226,330,342,328,37,37,37,"2-AMINOPHENOL, 98%",D26,95-55-6,109.0,OC1=CC=CC=C1N,CO,Methanol,0.4164,0.0284,OC1=CC=CC=C1N.CO,0.021293014620112793,0.3951069853798872
199,178,164,84,149,337,337,338,"1,3-Dibenzoylbenzene",D29,3770-82-9,286.0,O=C(C1=CC(C(C2=CC=CC=C2)=O)=CC=C1)C3=CC=CC=C3,CO,Methanol,0.969,0.0044,O=C(C1=CC(C(C2=CC=CC=C2)=O)=CC=C1)C3=CC=CC=C3.CO,0.020830880083869574,0.9481691199161304
285,339,346,375,359,378,378,379,,Z172,1611-92-3,249.0,CC1=CC(=CC(=C1)Br)Br,CO,Methanol,0.605,0.0375,CC1=CC(=CC(=C1)Br)Br.CO,0.02036540920551333,0.6253654092055133
271,244,293,284,362,165,165,165,Tenoxicam,RB34,59804-37-4,337.0190978,CN1C(C(NC2=CC=CC=N2)=O)=C(C3=C(S1(=O)=O)C=CS3)O,CO,Methanol,0.9985,0.0006,CN1C(C(NC2=CC=CC=N2)=O)=C(C3=C(S1(=O)=O)C=CS3)O.CO,0.020329220712529072,0.978170779287471
210,310,364,308,230,61,61,61,4-aminobenzonitrile,Z140,873-74-5,118.0,N#CC1=CC=C(N)C=C1,CO,Methanol,0.314,0.0579,N#CC1=CC=C(N)C=C1.CO,0.020313685467489573,0.3343136854674896
343,283,273,322,390,414,414,415,"1,3-dioxoisoindolin-2-yl cyclopropanecarboxylate",,,231.0531578,O=C(N(OC(C1CC1)=O)C2=O)C3=C2C=CC=C3,CO,Methanol,0.908,0.0039,O=C(N(OC(C1CC1)=O)C2=O)C3=C2C=CC=C3.CO,0.01858208188311339,0.9265820818831134
335,273,377,382,382,149,149,149,Acetamiprid,AP44,135410-20-7,222.067224,CC(=NC#N)N(C)CC1=CN=C(C=C1)Cl,CO,Methanol,0.8596,0.0116,CC(=NC#N)N(C)CC1=CN=C(C=C1)Cl.CO,0.018356663645734295,0.8779566636457343
214,320,355,311,234,65,65,65,4-Aminobenzonitrile,CA119,873-74-5,118.0530982,N#CC1=CC=C(N)C=C1,CO,Methanol,0.3161,0.0233,N#CC1=CC=C(N)C=C1.CO,0.018213685467489582,0.3343136854674896
256,334,353,335,248,327,327,328,Fenbendazole,RB24,43210-67-9,299.0728477,COC(NC1=NC2=C(C=C(SC3=CC=CC=C3)C=C2)N1)=O,CO,Methanol,0.952,0.0092,COC(NC1=NC2=C(C=C(SC3=CC=CC=C3)C=C2)N1)=O.CO,0.0179748662817516,0.9699748662817516
110,144,159,95,122,256,256,257,"4,4'-Dimethyl-2,2'-bipyridyl",Z5,1134-35-6,184.0,CC1=CC(C2=NC=CC(C)=C2)=NC=C1,CO,Methanol,0.9444,0.0123,CC1=CC(C2=NC=CC(C)=C2)=NC=C1.CO,0.017886844760778176,0.9265131552392218
360,333,324,371,283,363,363,364,,Z166,120-82-1,181.0,C1=CC(=C(C=C1Cl)Cl)Cl,CO,Methanol,0.3947,0.0228,C1=CC(=C(C=C1Cl)Cl)Cl.CO,0.017751509797992393,0.4124515097979924
333,363,322,374,295,70,70,70,"2,2'-DITHIODIBENZOIC ACID, >=95.0%",CD5,119-80-2,306.0,OC(=O)c1ccccc1SSc2ccccc2C(O)=O,CO,Methanol,0.9907,0.0056,OC(=O)c1ccccc1SSc2ccccc2C(O)=O.CO,0.01752893332812,1.00822893332812
261,260,246,246,271,393,393,394,Avobenzone Pharmaceutical Secondary Stan (Avobenzone),AP12,70356-09-1,310.1568946,CC(C)(C)C1=CC=C(C=C1)C(=O)CC(=O)C2=CC=C(C=C2)OC,CO,Methanol,1.0,0.0,CC(C)(C)C1=CC=C(C=C1)C(=O)CC(=O)C2=CC=C(C=C2)OC.CO,0.017474347226068,0.982525652773932
257,186,237,286,403,199,199,199,,Z22,626-05-1,235.0,BrC1=CC=CC(Br)=N1,CO,Methanol,0.3687,0.0619,BrC1=CC=CC(Br)=N1.CO,0.01739016866291493,0.3513098313370851
222,209,259,182,351,184,184,184,Tetrafluoroterephthalonitrile,CC44,1835-49-0,199.9997609,N#CC1=C(F)C(F)=C(C#N)C(F)=C1F,CO,Methanol,0.9501,0.0105,N#CC1=C(F)C(F)=C(C#N)C(F)=C1F.CO,0.01679442300211731,0.9333055769978826
279,322,316,338,381,221,221,222,(+)-Quinidine,CA108,56-54-2,324.42,C=C[C@H]1CN2CC[C@H]1C[C@@H]2[C@@H](O)c1ccnc2ccc(OC)cc12,CO,Methanol,0.9994,0.0004,C=C[C@H]1CN2CC[C@H]1C[C@@H]2[C@@H](O)c1ccnc2ccc(OC)cc12.CO,0.016668316186805643,1.0160683161868056
218,359,291,330,182,365,365,366,,Z30,626-00-6,330.0,IC1=CC(I)=CC=C1,CO,Methanol,0.4111,0.0118,IC1=CC(I)=CC=C1.CO,0.016565130825832053,0.4276651308258321
339,303,350,376,310,9,9,9,Hexamethylenetetramine,CF24,100-97-0,140.19,C1N2CN3CN1CN(C2)C3,CO,Methanol,0.9688,0.0091,C1N2CN3CN1CN(C2)C3.CO,0.015622488835146386,0.9844224888351464
270,258,370,389,307,189,189,189,Piroxicam,RB38,36322-90-4,307.14514,CC(C)(C)C(CCC1=CC=C(C=C1)Cl)(CN2C=NC=N2)O,CO,Methanol,0.9869,0.0017,CC(C)(C)C(CCC1=CC=C(C=C1)Cl)(CN2C=NC=N2)O.CO,0.015457768096103552,1.0023577680961036
289,224,221,234,319,303,303,304,,Z28,91-44-1,231.0,O=C1OC2=C(C=CC(N(CC)CC)=C2)C(C)=C1,CO,Methanol,0.9872,0.0037,O=C1OC2=C(C=CC(N(CC)CC)=C2)C(C)=C1.CO,0.01538463495957576,0.9718153650404242
290,375,342,293,227,144,144,144,5-Bromo-2-methoxypyrimidine,CB16,14001-66-2,189.01,COc1ncc(Br)cn1,CO,Methanol,0.3449,0.1353,COc1ncc(Br)cn1.CO,0.015382475230750203,0.3602824752307502
299,337,213,331,345,261,261,262,"2,5-dibromo-3,4-dinitrothiophene",CA29,52431-30-8,329.79,O=[N+](C1=C(Br)SC(Br)=C1[N+]([O-])=O)[O-],CO,Methanol,0.7398,0.0048,O=[N+](C1=C(Br)SC(Br)=C1[N+]([O-])=O)[O-].CO,0.015375532035276418,0.7551755320352764
366,307,348,361,367,383,383,384,4-tert-Butylstyrene,RB56,1746-23-2,160.26,C=Cc1ccc(C(C)(C)C)cc1,CO,Methanol,0.8698,0.0048,C=Cc1ccc(C(C)(C)C)cc1.CO,0.015253637308329848,0.8850536373083299
294,325,319,337,394,369,369,370,"Diphenyl(2,4,6-trimethylbenzoyl)phosphine oxide",CB44,75980-60-8,348.37,CC1=CC(=C(C(=C1)C)C(=O)P(=O)(C2=CC=CC=C2)C3=CC=CC=C3)C,CO,Methanol,1.0,0.0,CC1=CC(=C(C(=C1)C)C(=O)P(=O)(C2=CC=CC=C2)C3=CC=CC=C3)C.CO,0.015036493769754244,1.0150364937697542
331,243,270,256,365,326,326,327,Benzbromarone,RB30,3562-84-3,421.9153184,O=C(C1=CC(Br)=C(O)C(Br)=C1)C2=C(OC3=C2C=CC=C3)CC,CO,Methanol,1.0,0.0,O=C(C1=CC(Br)=C(O)C(Br)=C1)C2=C(OC3=C2C=CC=C3)CC.CO,0.014894171265791512,1.0148941712657915
346,371,194,210,375,83,83,83,"PYROMELLITIC DIIMIDE, 97%",D24,2550-73-4,216.0,O=C1NC(=O)c2cc3C(=O)NC(=O)c3cc12,CO,Methanol,0.9453,0.0037,O=C1NC(=O)c2cc3C(=O)NC(=O)c3cc12.CO,0.014863001157014333,0.9601630011570144
144,256,215,243,135,368,368,369,"1,3-Diiodobenzene",Z35,626-00-6,329.0,IC1=CC(I)=CC=C1,CO,Methanol,0.4421,0.0665,IC1=CC(I)=CC=C1.CO,0.01443486917416792,0.4276651308258321
184,166,261,203,160,405,405,406,"1,5-Diaminonaphthalene",CK5,771-97-1,158.0843983,NC1=CC=CC2=C(N)C=CC=C12,CO,Methanol,0.6239,0.0599,NC1=CC=CC2=C(N)C=CC=C12.CO,0.014414852928220534,0.6383148529282205
356,189,260,190,284,322,322,323,rac-BINOL,D32,18531-94-7,286.33,OC1=C(C2=C(C=CC=C3)C3=CC=C2O)C(C=CC=C4)=C4C=C1,CO,Methanol,1.0,0.0,OC1=C(C2=C(C=CC=C3)C3=CC=C2O)C(C=CC=C4)=C4C=C1.CO,0.014329224572707577,1.0143292245727076
265,262,180,227,239,68,68,68,Atenolol,AP1 ,29122-68-7,266.0,CC(C)NCC(COC1=CC=C(C=C1)CC(=O)N)O,CO,Methanol,0.992,0.0011,CC(C)NCC(COC1=CC=C(C=C1)CC(=O)N)O.CO,0.013737502674942004,1.005737502674942
353,285,193,156,400,177,177,177,"2,5- Difluoronitrobenzene",CB125,364-74-9,159.0131848,FC1=CC=C(F)C([N+]([O-])=O)=C1,CO,Methanol,0.5122,0.0407,FC1=CC=C(F)C([N+]([O-])=O)=C1.CO,0.0136628573104417,0.4985371426895583
204,203,201,171,107,386,386,387,LCE-079,CC94,,402.5,C1C=CC=C(OC2=CC=C(S(=O)(=O)C3C=CC(OC4=CC=CC=C4)=CC=3)C=C2)C=1,CO,Methanol,1.0,0.0,C1C=CC=C(OC2=CC=C(S(=O)(=O)C3C=CC(OC4=CC=CC=C4)=CC=3)C=C2)C=1.CO,0.013406007148733967,0.986593992851266
281,282,242,368,353,140,140,140,"2-METHOXY-5-NITROANILINE, 98%",CA2,99-59-2,168.0,COc1ccc(cc1N)[N+]([O-])=O,CO,Methanol,0.5166,0.0442,COc1ccc(cc1N)[N+]([O-])=O.CO,0.013285987478769301,0.5298859874787692
249,271,275,158,206,207,207,208,1-Boc-3-pyrrolidinol,CB175,103057-44-9,187.24,CC(C)(C)OC(=O)N1CCC(C1)O,CO,Methanol,0.9492,0.0027,CC(C)(C)OC(=O)N1CCC(C1)O.CO,0.013165175955997754,0.9623651759559978
247,360,248,214,350,186,186,186,"1,5-Difluoro-2,4-dinitrobenzene",CA61,327-92-4,203.998263,O=[N+](C1=C(F)C=C(F)C([N+]([O-])=O)=C1)[O-],CO,Methanol,0.6065,0.073,O=[N+](C1=C(F)C=C(F)C([N+]([O-])=O)=C1)[O-].CO,0.012980568801455372,0.6194805688014554
241,367,351,332,200,58,58,58,Sulfamethoxazole,AP38,723-46-6,253.0,CC1=CC(NS(=O)(C2=CC=C(C=C2)N)=O)=NO1,CO,Methanol,1.0,0.0,CC1=CC(NS(=O)(C2=CC=C(C=C2)N)=O)=NO1.CO,0.01244598500015126,1.0124459850001513
253,305,257,225,261,163,163,163,"5,6-dimethoxy-2,3-dihydroinden-1-one",Z75,2107-69-9,192.0,COC1=C(C=C2C(=C1)CCC2=O)OC,CO,Methanol,0.9014,0.0203,COC1=C(C=C2C(=C1)CCC2=O)OC.CO,0.012182862930406602,0.8892171370695934
233,281,219,316,180,275,275,276,"BROMOBENZENE, REAGENTPLUS, 99%",D15,108-86-1,156.0,Brc1ccccc1,CO,Methanol,0.1366,0.0509,Brc1ccccc1.CO,0.012095995975180213,0.1486959959751802
213,134,161,165,110,263,263,264,"1,3,5-Tris(4-aminophenyl)benzene",CA144,118727-34-7,351.44,Nc1ccc(-c2cc(-c3ccc(N)cc3)cc(-c3ccc(N)cc3)c2)cc1,CO,Methanol,0.9998,0.0001,Nc1ccc(-c2cc(-c3ccc(N)cc3)cc(-c3ccc(N)cc3)c2)cc1.CO,0.011168705511406474,0.9886312944885935
305,335,262,358,280,396,396,397,"2,6-Di-tert-butyl-4-methylpyridine",Z146,38222-83-2,205.0,CC1=CC(=NC(=C1)C(C)(C)C)C(C)(C)C,CO,Methanol,0.9999,,CC1=CC(=NC(=C1)C(C)(C)C)C(C)(C)C.CO,0.011097172124232335,1.0109971721242323
243,210,258,265,291,208,208,209,Naproxen,RB28,22204-53-1,230.0942943,O=C([C@H](C1=CC2=CC=C(OC)C=C2C=C1)C)O,CO,Methanol,0.9898,0.0017,O=C([C@H](C1=CC2=CC=C(OC)C=C2C=C1)C)O.CO,0.011036671888534855,0.9787633281114652
307,336,263,359,281,395,395,396,"2,6-DI-TERT-BUTYL-4-METHYLPYRIDINE, 98%",D14,38222-83-2,205.0,Cc1cc(nc(c1)C(C)(C)C)C(C)(C)C,CO,Methanol,1.0,0.0,Cc1cc(nc(c1)C(C)(C)C)C(C)(C)C.CO,0.010997172124232346,1.0109971721242323
330,298,232,282,314,168,168,168,Oxolinic acid,RB41,14698-29-4,261.0637225,CCN(C1=CC2=C(C=C1C3=O)OCO2)C=C3C(O)=O,CO,Methanol,0.9891,0.0024,CCN(C1=CC2=C(C=C1C3=O)OCO2)C=C3C(O)=O.CO,0.010760640765964835,0.9998606407659648
280,213,366,297,372,29,29,29,Nicotinamide,AP27,98-92-0,122.0,C1=CC(=CN=C1)C(=O)N,CO,Methanol,0.5022,0.0246,C1=CC(=CN=C1)C(=O)N.CO,0.010626013648528998,0.512826013648529
336,338,314,209,313,347,347,348,,Z68,2571-39-3,210.0,O=C(C1=CC=C(C)C(C)=C1)C2=CC=CC=C2,CO,Methanol,0.8752,0.0351,O=C(C1=CC=C(C)C(C)=C1)C2=CC=CC=C2.CO,0.010173139055117852,0.8853731390551178
311,326,265,334,254,210,210,211,"1,4-Dimethoxybenzene",CK2,150-78-7,138.0680796,COC1=CC=C(OC)C=C1,CO,Methanol,0.3543,0.0192,COC1=CC=C(OC)C=C1.CO,0.010127515870259174,0.3644275158702592
203,93,179,157,158,291,291,292,2-Pheylphenol,CQ4,90-43-7,170.0731649,OC1=CC=CC=C1C2=CC=CC=C2,CO,Methanol,0.8151,0.07,OC1=CC=CC=C1C2=CC=CC=C2.CO,0.009795520426582827,0.8053044795734172
324,246,339,229,293,381,381,382,Perfluorobenzophenone,CB148,853-39-4,361.9789468,O=C(C1=C(F)C(F)=C(F)C(F)=C1F)C2=C(F)C(F)=C(F)C(F)=C2F,CO,Methanol,1.0,0.0,O=C(C1=C(F)C(F)=C(F)C(F)=C1F)C2=C(F)C(F)=C(F)C(F)=C2F.CO,0.009297758859320604,0.9907022411406794
262,304,274,294,269,359,359,360,Propiconazole,RB44,60207-90-1,341.0697821,CCCC(CO1)OC1(C2=C(Cl)C=C(Cl)C=C2)CN3N=CN=C3,CO,Methanol,0.9791,0.001,CCCC(CO1)OC1(C2=C(Cl)C=C(Cl)C=C2)CN3N=CN=C3.CO,0.009117989267032334,0.9699820107329676
364,316,376,344,324,249,249,250,"4-[1,1-bis(4-hydroxyphenyl)ethyl]phenol",CK 32,27955-94-8,306.0,CC(C1=CC=C(C=C1)O)(C2=CC=C(C=C2)O)C3=CC=C(C=C3)O,CO,Methanol,1.0,0.0,CC(C1=CC=C(C=C1)O)(C2=CC=C(C=C2)O)C3=CC=C(C=C3)O.CO,0.00890400528466384,1.0089040052846638
283,275,327,231,333,112,112,112,"5-(trifluoromethyl)benzene-1,3-diamine",Z179,368-53-6,176.0,C1=C(C=C(C=C1N)N)C(F)(F)F,CO,Methanol,0.8223,0.0119,C1=C(C=C(C=C1N)N)C(F)(F)F.CO,0.008383805081085716,0.8139161949189143
362,230,198,360,384,252,252,253,"4'-BROMOACETOPHENONE, 98%",D19,99-90-1,198.0,CC(=O)c1ccc(Br)cc1,CO,Methanol,0.596,0.03,CC(=O)c1ccc(Br)cc1.CO,0.00813793967947396,0.587862060320526
236,321,358,363,237,343,343,344,Mometasone Furoate,AP11,83919-23-7,520.141944,CC1CC2C3CCC4=CC(=O)C=CC4(C3(C(CC2(C1(C(=O)CCl)OC(=O)C5=CC=CO5)C)O)Cl)C,CO,Methanol,0.9876,0.007,CC1CC2C3CCC4=CC(=O)C=CC4(C3(C(CC2(C1(C(=O)CCl)OC(=O)C5=CC=CO5)C)O)Cl)C.CO,0.007996410537223997,0.995596410537224
224,351,256,292,277,400,400,401, Artemisinin  ,AP6,63968-64-9,282.1467238,CC1CCC2C(C(=O)OC3C24C1CCC(O3)(OO4)C)C,CO,Methanol,0.9983,0.0008,CC1CCC2C(C(=O)OC3C24C1CCC(O3)(OO4)C)C.CO,0.007825883855591576,1.0061258838555915
286,277,145,226,303,203,203,204,"2,5-Dimethoxybenzaldehyde",Z50,93-02-7,166.0,COC1=CC(=C(C=C1)OC)C=O,CO,Methanol,0.6933,0.0089,COC1=CC(=C(C=C1)OC)C=O.CO,0.00771490909381356,0.7010149090938136
357,221,306,235,325,231,231,232,"2,5-Dimethylphenol",CQ25,95-87-4,122.0731649,OC1=CC(C)=CC=C1C,CO,Methanol,0.7269,0.0087,OC1=CC(C)=CC=C1C.CO,0.0075069620768092316,0.7193930379231908
340,240,285,314,395,403,403,404,Sulindac,AP54,38194-50-2,356.0882436,CC1=C(C2=CC(F)=CC=C2/C1=C\C3=CC=C(S(C)=O)C=C3)CC(O)=O,CO,Methanol,0.9976,0.0003,CC1=C(C2=CC(F)=CC=C2/C1=C\C3=CC=C(S(C)=O)C=C3)CC(O)=O.CO,0.007243965746447589,0.9903560342535525
132,350,243,352,183,204,204,205,"4,4-(Hexafluoroisopropylidene)bis(benzoic acid)",CA36,1171-47-7,392.0483281,FC(F)(F)C(C1=CC=C(C=C1)C(O)=O)(C2=CC=C(C=C2)C(O)=O)C(F)(F)F,CO,Methanol,1.0,0.0,FC(F)(F)C(C1=CC=C(C=C1)C(O)=O)(C2=CC=C(C=C2)C(O)=O)C(F)(F)F.CO,0.006958313029591379,0.9930416869704086
235,241,252,199,219,259,259,260,pyrimethanie (mebendazole),RB23,31431-39-7,295.0956913,COC(=O)NC1=NC2=C(N1)C=C(C=C2)C(=O)C3=CC=CC=C3,CO,Methanol,0.9818,0.0132,COC(=O)NC1=NC2=C(N1)C=C(C=C2)C(=O)C3=CC=CC=C3.CO,0.006796957060061226,0.9885969570600612
288,344,284,394,297,120,120,120,5-Nitro-2-oxindole,CA95,20870-79-5,178.0378421,O=C1NC2=CC=C([N+]([O-])=O)C=C2C1,CO,Methanol,0.7548,0.0653,O=C1NC2=CC=C([N+]([O-])=O)C=C2C1.CO,0.006710941329799436,0.7480890586702006
323,348,318,271,244,145,145,145,5-Bromo-2-methoxypyrimidine,CB16,14001-66-2,189.01,COc1ncc(Br)cn1,CO,Methanol,0.3537,0.1125,COc1ncc(Br)cn1.CO,0.006582475230750173,0.3602824752307502
251,255,205,276,337,181,181,181,"1,2-Dimethoxybenzene",Z18,91-16-7,138.0,COC1=CC=CC=C1OC,CO,Methanol,0.5454,0.0534,COC1=CC=CC=C1OC.CO,0.006486018854775177,0.5518860188547752
156,171,321,323,296,228,228,229,2-Phenylbenzimidazole,CB124,716-79-0,194.23,c1ccc(-c2nc3ccccc3[nH]2)cc1,CO,Methanol,0.82,0.0849,c1ccc(-c2nc3ccccc3[nH]2)cc1.CO,0.006243540217802934,0.813756459782197
301,265,236,177,223,95,95,95,,Z70,581-43-1,160.0,OC1=CC2=CC=C(O)C=C2C=C1,CO,Methanol,0.794,0.0338,OC1=CC2=CC=C(O)C=C2C=C1.CO,0.006189382972855539,0.8001893829728556
316,177,294,362,385,111,111,111,"3,5-Dimethoxyaniline",Z3,10272-07-8,153.0,NC1=CC(OC)=CC(OC)=C1,CO,Methanol,0.632,0.0586,NC1=CC(OC)=CC(OC)=C1.CO,0.006161782274080374,0.6381617822740804
209,103,94,144,209,39,39,39,"2,5-Furandicarbaldehyde",RB2,823-82-5,124.0,C1=C(OC(=C1)C=O)C=O,CO,Methanol,0.6013,0.015,C1=C(OC(=C1)C=O)C=O.CO,0.005974336845349315,0.6072743368453493
306,357,362,381,282,159,159,159,4-chloroaniline,Z142,106-47-8,127.0,NC1=CC=C(Cl)C=C1,CO,Methanol,0.2396,0.0578,NC1=CC=C(Cl)C=C1.CO,0.00527633989821602,0.234323660101784
300,287,329,356,332,355,355,356,Tebuconazole,RB40,107534-96-3,307.14514,CC(C)(C)C(CCC1=CC=C(C=C1)Cl)(CN2C=NC=N2)O,CO,Methanol,0.9972,0.0005,CC(C)(C)C(CCC1=CC=C(C=C1)Cl)(CN2C=NC=N2)O.CO,0.0051577680961035766,1.0023577680961036
349,274,292,386,357,185,185,185,1-Indanol,CB65,6351-10-6,134.0731649,OC1CCC2=C1C=CC=C2,CO,Methanol,0.7463,0.0818,OC1CCC2=C1C=CC=C2.CO,0.00479627235742075,0.7415037276425792
276,293,253,315,387,416,416,417,"1,3-dioxoisoindolin-2-yl adamantane-1-carboxylate",,,325.1314081,O=C(N(OC(C12CC3CC(CC(C2)C3)C1)=O)C4=O)C5=C4C=CC=C5,CO,Methanol,0.9985,0.0002,O=C(N(OC(C12CC3CC(CC(C2)C3)C1)=O)C4=O)C5=C4C=CC=C5.CO,0.004696500511145674,0.9938034994888544
151,132,157,196,202,360,360,361,Di-p-tolylamine,D27,620-93-9,197.0,CC1=CC=C(NC2=CC=C(C)C=C2)C=C1,CO,Methanol,0.7659,0.047,CC1=CC=C(NC2=CC=C(C)C=C2)C=C1.CO,0.0046453032085890245,0.761254696791411
347,319,211,169,369,176,176,176,"2,5- Difluoronitrobenzene",CB125,364-74-9,159.0131848,FC1=CC=C(F)C([N+]([O-])=O)=C1,CO,Methanol,0.5029,0.0231,FC1=CC=C(F)C([N+]([O-])=O)=C1.CO,0.004362857310441726,0.4985371426895583
295,279,272,320,336,110,110,110,Enoxacin,AP51,74011-58-8,320.1284686,CCN1C=C(C(C2=CC(F)=C(N3CCNCC3)N=C12)=O)C(O)=O,CO,Methanol,1.0,0.0,CCN1C=C(C(C2=CC(F)=C(N3CCNCC3)N=C12)=O)C(O)=O.CO,0.00425970284056465,1.0042597028405646
287,341,312,393,348,314,314,315,"4,4'-(9H-fluorene-9,9-diyl)dianiline",Z139,15499-84-0,348.0,C1=CC=C2C(=C1)C3=CC=CC=C3C2(C4=CC=C(C=C4)N)C5=CC=C(C=C5)N,CO,Methanol,0.9997,0.0004,C1=CC=C2C(=C1)C3=CC=CC=C3C2(C4=CC=C(C=C4)N)C5=CC=C(C=C5)N.CO,0.003539649917000065,0.996160350083
127,136,126,153,142,357,357,358,4-bromo-2-(4-bromopyridin-2-yl)pyridine,Z27,18511-71-2,313.0,C1=CN=C(C=C1Br)C2=NC=CC(=C2)Br,CO,Methanol,0.8516,0.0218,C1=CN=C(C=C1Br)C2=NC=CC(=C2)Br.CO,0.003466597309632058,0.8550665973096321
358,269,172,278,402,260,260,261,"2,5-dibromo-3,4-dinitrothiophene",CA29,52431-30-8,329.7945517,O=[N+](C1=C(Br)SC(Br)=C1[N+]([O-])=O)[O-],CO,Methanol,0.7582,0.0318,O=[N+](C1=C(Br)SC(Br)=C1[N+]([O-])=O)[O-].CO,0.003024467964723554,0.7551755320352764
274,366,382,367,267,238,238,239,Methyl orange,"Q26, N30",547-58-0,327.0653566,OS(C1=CC=C(C=C1)/N=N/C2=CC=C(C=C2)N(C)C)(=O)=O,CO,Methanol,1.0,0.0,OS(C1=CC=C(C=C1)/N=N/C2=CC=C(C=C2)N(C)C)(=O)=O.CO,0.0014063600969256296,1.0014063600969256
200,250,192,233,338,375,375,376,"1,2,4,5-Tetrakis(bromomethyl) benzene","CB31, CB41",15442-91-8,445.7515987,BrCC1=C(CBr)C=C(CBr)C(CBr)=C1,CO,Methanol,0.9468,0.0339,BrCC1=C(CBr)C=C(CBr)C(CBr)=C1.CO,0.0012898385389784606,0.9480898385389784
332,342,363,366,364,389,389,390,,Z57,1074-24-4,263.0,CC1=CC(Br)=C(C)C=C1Br,CO,Methanol,0.7864,0.0362,CC1=CC(Br)=C(C)C=C1Br.CO,0.0006478967161915872,0.7870478967161916
175,185,138,136,92,271,271,272,6-Chloroindole,RSY12,17422-33-2,151.59,C1=CC(=CC2=C1C=CN2)Cl,CO,Methanol,0.3919,0.0555,C1=CC(=CC2=C1C=CN2)Cl.CO,0.00037956060397953406,0.3915204393960205
